product,category,subcategory,database,abbreviated_database,region,nutritional level,dish
Abalone,Seafood,Mollusk,ISIA Food-500,ISIA,INTERNATIONAL,4,Main
Aburaage,Salty Snacks,Bean Snacks,ISIA Food-500,ISIA,EAST AND SOUTHEAST ASIA,1,Snack
adobo,Soups and Stews,Stews,UECFood-256,UECFOOD256,EAST AND SOUTHEAST ASIA,4,Main
Æbleflæsk,Mixed Food,Mixed Meat,ISIA Food-500,ISIA,EUROPE,2,Main
Agedashi_tofu,Beans,Fried Beans,ISIA Food-500,ISIA,EAST AND SOUTHEAST ASIA,3,Main
Aligot,Soups and Stews,Soups and Creams,ISIA Food-500,ISIA,EUROPE,4,Main
almond jelly,Sweet Products,Other Sweet Products,UECFood-256,UECFOOD256,EAST AND SOUTHEAST ASIA,1,Dessert
Almond_biscuit,Sweet Products,Pastries,ISIA Food-500,ISIA,INTERNATIONAL,1,Dessert
Aloo_gobi,Vegetables,Cooked Vegetables,ISIA Food-500,ISIA,CENTRAL ASIA,5,Main
Ambrosia_(fruit_salad),Sweet Products,Fruit Dessert,ISIA Food-500,ISIA,NORTH AMERICA,1,Dessert
Anago,Fish,Varied Fish,ISIA Food-500,ISIA,EAST AND SOUTHEAST ASIA,4,Main
Andong_jjimdak,Mixed Food,Meat and Vegetables,ISIA Food-500,ISIA,EAST AND SOUTHEAST ASIA,3,Main
Ants_climbing_a_tree,Noodle and Pasta,Noodle,ISIA Food-500,ISIA,EAST AND SOUTHEAST ASIA,6,Main
Anzac_biscuit,Sweet Products,Pastries,ISIA Food-500,ISIA,INTERNATIONAL,1,Dessert
apple pie,Sweet Products,Pastries,UECFood-256,UECFOOD256,INTERNATIONAL,1,Dessert
Apple_cobbler,Sweet Products,Pastries,ISIA Food-500,ISIA,NORTH AMERICA,1,Dessert
Apple_crisp,Sweet Products,Pastries,ISIA Food-500,ISIA,INTERNATIONAL,1,Dessert
Apple_dumpling,Sweet Products,Pastries,ISIA Food-500,ISIA,NORTH AMERICA,1,Dessert
apple_pie,Sweet Products,Pastries,Food-101,Food101,INTERNATIONAL,1,Dessert
Apple_pie,Sweet Products,Pastries,ISIA Food-500,ISIA,INTERNATIONAL,1,Dessert
apple_pie,Sweet Products,Pastries,VIPER-FoodNet,VIPER,INTERNATIONAL,1,Dessert
Apple_sauce,Sweet Products,Fruit Dessert,ISIA Food-500,ISIA,INTERNATIONAL,1,Dessert
Apple_strudel,Sweet Products,Pastries,ISIA Food-500,ISIA,EUROPE,1,Dessert
apples,Fruits,Fruits,FruitVeg-81,FruitVeg81,INTERNATIONAL,5,Dessert
Applesauce_cake,Sweet Products,Pastries,ISIA Food-500,ISIA,INTERNATIONAL,1,Dessert
apricots,Fruits,Fruits,FruitVeg-81,FruitVeg81,INTERNATIONAL,5,Dessert
Arab_salad,Salad,Other Types of Salad,ISIA Food-500,ISIA,NORTH AFRICA AND WEST ASIA,3,Main
Arancini,Mixed Food,Fried Food,ISIA Food-500,ISIA,EUROPE,2,Main
Arròs_negre,Mixed Food,Mixed Rice,ISIA Food-500,ISIA,EUROPE,6,Main
artichoke_bottoms_in_olive_oil,Vegetables,Cooked Vegetables,MAFood-121,MAFood121,NORTH AFRICA AND WEST ASIA,5,Main
Asam_pedas,Mixed Food,Mixed Fish,ISIA Food-500,ISIA,EAST AND SOUTHEAST ASIA,4,Main
Avocado_fries,Mixed Food,Mixed Food,ISIA Food-500,ISIA,INTERNATIONAL,3,Main
Avocado_key_lime_pie,Sweet Products,Pastries,ISIA Food-500,ISIA,INTERNATIONAL,1,Dessert
avocados,Fruits,Fruits,FruitVeg-81,FruitVeg81,INTERNATIONAL,5,Dessert
ayam bakar,Meat,White Meat,UECFood-256,UECFOOD256,EAST AND SOUTHEAST ASIA,4,Main
ayam goreng,Meat,White Meat,UECFood-256,UECFOOD256,EAST AND SOUTHEAST ASIA,4,Main
Ayam_bakar,Meat,White Meat,ISIA Food-500,ISIA,EAST AND SOUTHEAST ASIA,4,Main
Ayam_betutu,Meat,White Meat,ISIA Food-500,ISIA,EAST AND SOUTHEAST ASIA,4,Main
Ayam_goreng,Meat,White Meat,ISIA Food-500,ISIA,EAST AND SOUTHEAST ASIA,4,Main
babi guling,Mixed Food,Mixed Meat,UECFood-256,UECFOOD256,EAST AND SOUTHEAST ASIA,2,Main
Babi_panggang,Meat,Varied Meat,ISIA Food-500,ISIA,EAST AND SOUTHEAST ASIA,2,Main
baby_back_ribs,Meat,Red Meat,Food-101,Food101,INTERNATIONAL,2,Main
Bacon_and_eggs,Mixed Food,Mixed Eggs,ISIA Food-500,ISIA,INTERNATIONAL,4,Main
Bacon_egg_and_cheese_sandwich,Sandwich and Similar Products,Sandwich,ISIA Food-500,ISIA,INTERNATIONAL,3,Main
Bacon_explosion,Meat,Red Meat,ISIA Food-500,ISIA,INTERNATIONAL,2,Main
Bacon_sandwich,Sandwich and Similar Products,Sandwich,ISIA Food-500,ISIA,INTERNATIONAL,3,Main
bagel,Bread and Similar Products,Other Types of Bread,UECFood-256,UECFOOD256,INTERNATIONAL,3,Appetizer
bagel,Bread and Similar Products,Other Types of Bread,VIPER-FoodNet,VIPER,INTERNATIONAL,3,Appetizer
Baingan_bharta,Mixed Food,Mixed Vegetables,ISIA Food-500,ISIA,CENTRAL ASIA,5,Main
bak kut teh,Soups and Stews,Soups and Creams,UECFood-256,UECFOOD256,EAST AND SOUTHEAST ASIA,4,Main
baked salmon,Fish,Varied Fish,UECFood-256,UECFOOD256,INTERNATIONAL,4,Main
Baked_beans,Beans,Cooked Beans,ISIA Food-500,ISIA,INTERNATIONAL,4,Main
baked_beans,Beans,Cooked Beans,VIPER-FoodNet,VIPER,INTERNATIONAL,4,Main
baked_potato,Vegetables,Cooked Vegetables,VIPER-FoodNet,VIPER,INTERNATIONAL,5,Main
baklava,Sweet Products,Pastries,Food-101,Food101,INTERNATIONAL,1,Dessert
ball shaped bun with pork,Mixed Food,Dumpling,UECFood-256,UECFOOD256,EAST AND SOUTHEAST ASIA,2,Main
Banana_bread,Sweet Products,Pastries,ISIA Food-500,ISIA,INTERNATIONAL,1,Dessert
Banana_pancakes,Sweet Products,Pastries,ISIA Food-500,ISIA,INTERNATIONAL,1,Dessert
Banana_pudding,Sweet Products,Dairy Dessert,ISIA Food-500,ISIA,NORTH AMERICA,1,Dessert
Banana_split,Sweet Products,Dairy Dessert,ISIA Food-500,ISIA,NORTH AMERICA,1,Dessert
bananas,Fruits,Fruits,FruitVeg-81,FruitVeg81,INTERNATIONAL,5,Dessert
Bandeja_paisa,Mixed Food,Mixed Food,ISIA Food-500,ISIA,LATIN AMERICA AND THE CARIBBEAN,3,Main
Bangers_and_mash,Mixed Food,Meat and Vegetables,ISIA Food-500,ISIA,EUROPE,3,Main
Banh_bo,Sweet Products,Pastries,ISIA Food-500,ISIA,EAST AND SOUTHEAST ASIA,1,Dessert
Bánh_canh,Noodle and Pasta,Noodle,ISIA Food-500,ISIA,EAST AND SOUTHEAST ASIA,6,Main
Bánh_chuối,Sweet Products,Pastries,ISIA Food-500,ISIA,EAST AND SOUTHEAST ASIA,1,Dessert
banh_mi,Sandwich and Similar Products,Sandwich,MAFood-121,MAFood121,EAST AND SOUTHEAST ASIA,3,Main
banh_xeo,Mixed Food,Mixed Food,MAFood-121,MAFood121,EAST AND SOUTHEAST ASIA,3,Main
Barbecued red pork in sauce with rice,Mixed Food,Rice and Meat,UECFood-256,UECFOOD256,INTERNATIONAL,3,Main
bean curd family style,Mixed Food,Meat and Vegetables,UECFood-256,UECFOOD256,EAST AND SOUTHEAST ASIA,3,Main
Bean_pie,Sweet Products,Pastries,ISIA Food-500,ISIA,INTERNATIONAL,1,Dessert
Bean_salad,Beans,Cooked Beans,ISIA Food-500,ISIA,INTERNATIONAL,4,Main
beans,Beans,Fresh Beans,FruitVeg-81,FruitVeg81,INTERNATIONAL,4,Main
beef bowl,Meat,Red Meat,UECFood-256,UECFOOD256,EAST AND SOUTHEAST ASIA,2,Main
beef curry,Mixed Food,Rice and Meat,UECFood-256,UECFOOD256,INTERNATIONAL,3,Main
beef in oyster sauce,Mixed Food,Meat and Vegetables,UECFood-256,UECFOOD256,INTERNATIONAL,3,Main
beef noodle,Noodle and Pasta,Noodle,UECFood-256,UECFOOD256,EAST AND SOUTHEAST ASIA,6,Main
beef noodle soup,Noodle and Pasta,Noodle,UECFood-256,UECFOOD256,EAST AND SOUTHEAST ASIA,6,Main
beef_bourguignon,Soups and Stews,Stews,MAFood-121,MAFood121,EUROPE,4,Main
Beef_bun,Mixed Food,Mixed Meat,ISIA Food-500,ISIA,EAST AND SOUTHEAST ASIA,2,Main
beef_carpaccio,Meat,Red Meat,Food-101,Food101,EUROPE,2,Main
Beef_chow_fun,Noodle and Pasta,Noodle,ISIA Food-500,ISIA,EAST AND SOUTHEAST ASIA,6,Main
Beef_noodle_soup,Noodle and Pasta,Noodle,ISIA Food-500,ISIA,EAST AND SOUTHEAST ASIA,6,Main
beef_tartare,Meat,Red Meat,Food-101,Food101,INTERNATIONAL,2,Main
Beef_Wellington,Meat,Breaded Meat,ISIA Food-500,ISIA,EUROPE,2,Main
beer,Drinks,Alcoholic Drinks,VIPER-FoodNet,VIPER,INTERNATIONAL,2,Drinks
beet_salad,Salad,Other Types of Salad,Food-101,Food101,INTERNATIONAL,3,Main
Beignet,Sweet Products,Pastries,ISIA Food-500,ISIA,EUROPE,1,Dessert
beignets,Sweet Products,Pastries,Food-101,Food101,EUROPE,1,Dessert
bibimbap,Mixed Food,Mixed Food,Food-101,Food101,EAST AND SOUTHEAST ASIA,3,Main
Bibimbap,Mixed Food,Mixed Food,ISIA Food-500,ISIA,EAST AND SOUTHEAST ASIA,3,Main
bibimbap,Mixed Food,Mixed Food,UECFood-256,UECFOOD256,EAST AND SOUTHEAST ASIA,3,Main
Bibingka,Sweet Products,Pastries,ISIA Food-500,ISIA,EAST AND SOUTHEAST ASIA,1,Dessert
Biryani,Rice,Rice,ISIA Food-500,ISIA,CENTRAL ASIA,6,Main
biryani,Rice,Rice,MAFood-121,MAFood121,CENTRAL ASIA,6,Main
biscuit,Sweet Products,Pastries,VIPER-FoodNet,VIPER,INTERNATIONAL,1,Dessert
Bisque_food,Soups and Stews,Soups and Creams,ISIA Food-500,ISIA,EUROPE,4,Main
Bistek,Mixed Food,Mixed Meat,ISIA Food-500,ISIA,INTERNATIONAL,2,Main
Black_Forest_gateau,Sweet Products,Chocolate Products,ISIA Food-500,ISIA,EUROPE,1,Dessert
Black_pepper_crab,Seafood,Crustacean,ISIA Food-500,ISIA,INTERNATIONAL,4,Main
Blackberry_pie,Sweet Products,Pastries,ISIA Food-500,ISIA,INTERNATIONAL,1,Dessert
Blancmange,Sweet Products,Other Sweet Products,ISIA Food-500,ISIA,EUROPE,1,Dessert
blanquette_de_veau,Mixed Food,Mixed Food,MAFood-121,MAFood121,EUROPE,3,Main
BLT_sandwich,Sandwich and Similar Products,Sandwich,ISIA Food-500,ISIA,INTERNATIONAL,3,Main
Blueberry_pie,Sweet Products,Pastries,ISIA Food-500,ISIA,NORTH AMERICA,1,Dessert
boiled chicken and vegetables,Mixed Food,Meat and Vegetables,UECFood-256,UECFOOD256,EAST AND SOUTHEAST ASIA,3,Main
boiled fish,Fish,Varied Fish,UECFood-256,UECFOOD256,INTERNATIONAL,4,Main
Boiled_beef,Mixed Food,Mixed Meat,ISIA Food-500,ISIA,INTERNATIONAL,2,Main
boiled_egg,Eggs,Eggs,VIPER-FoodNet,VIPER,INTERNATIONAL,4,Main
Boiled_peanuts,Salty Snacks,Nut Snacks,ISIA Food-500,ISIA,INTERNATIONAL,4,Snack
Bon_bon_chicken,Meat,White Meat,ISIA Food-500,ISIA,EAST AND SOUTHEAST ASIA,4,Main
"boned, sliced Hainan-style chicken with marinated rice",Mixed Food,Rice and Meat,UECFood-256,UECFOOD256,EAST AND SOUTHEAST ASIA,3,Main
borek,Mixed Food,Pie,MAFood-121,MAFood121,NORTH AFRICA AND WEST ASIA,2,Main
Borscht,Soups and Stews,Soups and Creams,ISIA Food-500,ISIA,EUROPE,4,Main
Botan-ebi,Seafood,Crustacean,ISIA Food-500,ISIA,INTERNATIONAL,4,Main
Botifarra,Meat,Sausage,ISIA Food-500,ISIA,EUROPE,2,Main
Bouillabaisse,Soups and Stews,Soups and Creams,ISIA Food-500,ISIA,EUROPE,4,Main
Bourbon_chicken,Mixed Food,Mixed Meat,ISIA Food-500,ISIA,INTERNATIONAL,2,Main
braised pork meat ball with napa cabbage,Meat,Varied Meat,UECFood-256,UECFOOD256,EAST AND SOUTHEAST ASIA,2,Main
bread_pudding,Sweet Products,Pastries,Food-101,Food101,INTERNATIONAL,1,Dessert
Bread_roll,Bread and Similar Products,Other Types of Bread,ISIA Food-500,ISIA,INTERNATIONAL,3,Appetizer
breaded_fish,Fish,Fried or Breaded Fish,VIPER-FoodNet,VIPER,INTERNATIONAL,3,Main
breakfast_burrito,Sandwich and Similar Products,Wrap,Food-101,Food101,NORTH AMERICA,3,Main
Broccoli_slaw,Vegetables,Cooked Vegetables,ISIA Food-500,ISIA,INTERNATIONAL,5,Main
broiled eel bowl,Mixed Food,Rice and Fish,UECFood-256,UECFOOD256,EAST AND SOUTHEAST ASIA,4,Main
Brown_stew_chicken,Soups and Stews,Stews,ISIA Food-500,ISIA,LATIN AMERICA AND THE CARIBBEAN,4,Main
brownie,Sweet Products,Chocolate Products,UECFood-256,UECFOOD256,INTERNATIONAL,1,Dessert
brownie,Sweet Products,Chocolate Products,VIPER-FoodNet,VIPER,INTERNATIONAL,1,Dessert
bruschetta,Bread and Similar Products,Toast,Food-101,Food101,EUROPE,3,Dessert
Bruschetta,Bread and Similar Products,Toast,ISIA Food-500,ISIA,EUROPE,3,Dessert
bubur ayam,Mixed Food,Mixed Food,UECFood-256,UECFOOD256,EAST AND SOUTHEAST ASIA,3,Main
Bubur_ayam,Mixed Food,Mixed Food,ISIA Food-500,ISIA,EAST AND SOUTHEAST ASIA,3,Main
Bubur_kacang_hijau,Sweet Products,Other Sweet Products,ISIA Food-500,ISIA,EAST AND SOUTHEAST ASIA,1,Dessert
Bugnes,Sweet Products,Pastries,ISIA Food-500,ISIA,EUROPE,1,Dessert
Bun_bo_hue,Noodle and Pasta,Noodle,ISIA Food-500,ISIA,EAST AND SOUTHEAST ASIA,6,Main
bun_cha,Mixed Food,Mixed Food,MAFood-121,MAFood121,EAST AND SOUTHEAST ASIA,3,Main
Bún_ốc,Noodle and Pasta,Noodle,ISIA Food-500,ISIA,EAST AND SOUTHEAST ASIA,6,Main
Bun_rieu,Noodle and Pasta,Noodle,ISIA Food-500,ISIA,EAST AND SOUTHEAST ASIA,6,Main
Burrito,Sandwich and Similar Products,Wrap,ISIA Food-500,ISIA,INTERNATIONAL,3,Main
burrito,Sandwich and Similar Products,Wrap,VIPER-FoodNet,VIPER,INTERNATIONAL,3,Main
Butadon,Mixed Food,Mixed Meat,ISIA Food-500,ISIA,EAST AND SOUTHEAST ASIA,2,Main
Butter_cake,Sweet Products,Pastries,ISIA Food-500,ISIA,INTERNATIONAL,1,Dessert
butter_chicken,Mixed Food,Mixed Meat,MAFood-121,MAFood121,CENTRAL ASIA,2,Main
Butter_pecan,Sweet Products,Pastries,ISIA Food-500,ISIA,INTERNATIONAL,1,Dessert
Butter_pie,Sweet Products,Pastries,ISIA Food-500,ISIA,INTERNATIONAL,1,Dessert
Buttercream,Sweet Products,Dairy Dessert,ISIA Food-500,ISIA,INTERNATIONAL,1,Dessert
Buttery_bread,Sweet Products,Pastries,ISIA Food-500,ISIA,INTERNATIONAL,1,Dessert
cabbage,Vegetables,Fresh Vegetables,FruitVeg-81,FruitVeg81,INTERNATIONAL,5,Main
cabbage,Vegetables,Fresh Vegetables,VIPER-FoodNet,VIPER,INTERNATIONAL,5,Main
cabbage roll,Mixed Food,Mixed Vegetables,UECFood-256,UECFOOD256,INTERNATIONAL,5,Main
Cabbage_soup,Soups and Stews,Soups and Creams,ISIA Food-500,ISIA,INTERNATIONAL,4,Main
Caesar salad,Salad,Other Types of Salad,UECFood-256,UECFOOD256,INTERNATIONAL,3,Main
caesar_salad,Salad,Other Types of Salad,Food-101,Food101,INTERNATIONAL,3,Main
Caesar_salad,Salad,Other Types of Salad,ISIA Food-500,ISIA,INTERNATIONAL,3,Main
Café_liégeois,Sweet Products,Dairy Dessert,ISIA Food-500,ISIA,EUROPE,1,Dessert
cake,Sweet Products,Pastries,VIPER-FoodNet,VIPER,INTERNATIONAL,1,Dessert
Calamari,Fish,Fried or Breaded Fish,ISIA Food-500,ISIA,INTERNATIONAL,3,Main
Caldo_verde,Soups and Stews,Soups and Creams,ISIA Food-500,ISIA,EUROPE,4,Main
cannoli,Sweet Products,Other Sweet Products,Food-101,Food101,EUROPE,1,Dessert
cao_lau,Noodle and Pasta,Noodle,MAFood-121,MAFood121,EAST AND SOUTHEAST ASIA,6,Main
caprese_salad,Salad,Other Types of Salad,Food-101,Food101,EUROPE,3,Main
Caprese_salad,Salad,Other Types of Salad,ISIA Food-500,ISIA,EUROPE,3,Main
carambolas,Fruits,Fruits,FruitVeg-81,FruitVeg81,INTERNATIONAL,5,Dessert
Carpaccio,Meat,Red Meat,ISIA Food-500,ISIA,EUROPE,2,Main
Carrot_bread,Sweet Products,Pastries,ISIA Food-500,ISIA,INTERNATIONAL,1,Dessert
carrot_cake,Sweet Products,Pastries,Food-101,Food101,INTERNATIONAL,1,Dessert
Carrot_cake,Sweet Products,Pastries,ISIA Food-500,ISIA,INTERNATIONAL,1,Dessert
Carrot_cake_cookie,Sweet Products,Pastries,ISIA Food-500,ISIA,INTERNATIONAL,1,Dessert
Carrot_chips,Salty Snacks,Vegetable Snacks,ISIA Food-500,ISIA,INTERNATIONAL,1,Snack
Carrot_juice,Drinks,Vegetable Drinks,ISIA Food-500,ISIA,INTERNATIONAL,3,Drinks
Carrot_salad,Salad,Other Types of Salad,ISIA Food-500,ISIA,INTERNATIONAL,3,Main
Carrot_soup,Soups and Stews,Soups and Creams,ISIA Food-500,ISIA,INTERNATIONAL,4,Main
carrots,Vegetables,Fresh Vegetables,FruitVeg-81,FruitVeg81,INTERNATIONAL,5,Main
Cassoulet,Soups and Stews,Stews,ISIA Food-500,ISIA,EUROPE,4,Main
cauliflower,Vegetables,Fresh Vegetables,FruitVeg-81,FruitVeg81,INTERNATIONAL,5,Main
Cebolada,Mixed Food,Mixed Food,ISIA Food-500,ISIA,EUROPE,3,Main
celeries,Vegetables,Fresh Vegetables,FruitVeg-81,FruitVeg81,INTERNATIONAL,5,Main
ceviche,Mixed Food,Mixed Food,Food-101,Food101,LATIN AMERICA AND THE CARIBBEAN,3,Main
Ceviche,Mixed Food,Mixed Food,ISIA Food-500,ISIA,LATIN AMERICA AND THE CARIBBEAN,3,Main
cha_ca,Mixed Food,Mixed Fish,MAFood-121,MAFood121,EAST AND SOUTHEAST ASIA,4,Main
Chakli,Salty Snacks,Other Salty Snacks,ISIA Food-500,ISIA,CENTRAL ASIA,1,Snack
champon,Noodle and Pasta,Noodle,UECFood-256,UECFOOD256,EAST AND SOUTHEAST ASIA,6,Main
Champurrado,Drinks,Other Drinks,ISIA Food-500,ISIA,LATIN AMERICA AND THE CARIBBEAN,1,Drinks
chanterelles,Vegetables,Mushrooms,FruitVeg-81,FruitVeg81,INTERNATIONAL,5,Main
Char_kway_teow,Noodle and Pasta,Noodle,ISIA Food-500,ISIA,EAST AND SOUTHEAST ASIA,6,Main
charcoal-boiled pork neck,Meat,Varied Meat,UECFood-256,UECFOOD256,EAST AND SOUTHEAST ASIA,2,Main
Charqui,Meat,Varied Meat,ISIA Food-500,ISIA,LATIN AMERICA AND THE CARIBBEAN,2,Main
Chazuke,Mixed Food,Mixed Rice,ISIA Food-500,ISIA,EAST AND SOUTHEAST ASIA,6,Main
Cheese_and_tomato_sandwich,Sandwich and Similar Products,Sandwich,ISIA Food-500,ISIA,INTERNATIONAL,3,Main
Cheese_bun,Mixed Food,Stuffed Dough,ISIA Food-500,ISIA,INTERNATIONAL,2,Main
cheese_burger,Fast Food,Burger,VIPER-FoodNet,VIPER,INTERNATIONAL,1,Main
Cheese_fries,Fast Food,Fries,ISIA Food-500,ISIA,INTERNATIONAL,1,Side
Cheese_maki,Mixed Food,Sushi,ISIA Food-500,ISIA,EAST AND SOUTHEAST ASIA,4,Main
cheese_plate,Dairy Products,Cheese,Food-101,Food101,INTERNATIONAL,4,Appetizer
Cheese_pudding,Sweet Products,Dairy Dessert,ISIA Food-500,ISIA,INTERNATIONAL,1,Dessert
Cheese_roll,Mixed Food,Mixed Food,ISIA Food-500,ISIA,INTERNATIONAL,3,Main
cheese_sandwiches,Sandwich and Similar Products,Sandwich,VIPER-FoodNet,VIPER,INTERNATIONAL,3,Main
cheesecake,Sweet Products,Pastries,Food-101,Food101,INTERNATIONAL,1,Dessert
Cheesecake,Sweet Products,Pastries,ISIA Food-500,ISIA,INTERNATIONAL,1,Dessert
cherries,Fruits,Fruits,FruitVeg-81,FruitVeg81,INTERNATIONAL,5,Dessert
Cherry_cake,Sweet Products,Pastries,ISIA Food-500,ISIA,INTERNATIONAL,1,Dessert
Cherry_ice_cream,Sweet Products,Dairy Dessert,ISIA Food-500,ISIA,INTERNATIONAL,1,Dessert
Cherry_pie,Sweet Products,Pastries,ISIA Food-500,ISIA,NORTH AMERICA,1,Dessert
chicken cutlet,Meat,Breaded Meat,UECFood-256,UECFOOD256,INTERNATIONAL,2,Main
chicken nugget,Meat,Breaded Meat,UECFood-256,UECFOOD256,INTERNATIONAL,2,Main
chicken rice,Rice,Rice,UECFood-256,UECFOOD256,INTERNATIONAL,6,Main
Chicken Rice Curry With Coconut,Mixed Food,Rice and Meat,UECFood-256,UECFOOD256,INTERNATIONAL,3,Main
Chicken_and_waffles,Mixed Food,Mixed Food,ISIA Food-500,ISIA,NORTH AMERICA,3,Main
chicken_breast,Meat,White Meat,VIPER-FoodNet,VIPER,INTERNATIONAL,4,Main
Chicken_cacciatore,Mixed Food,Mixed Meat,ISIA Food-500,ISIA,EUROPE,2,Main
chicken_curry,Mixed Food,Mixed Meat,Food-101,Food101,INTERNATIONAL,2,Main
Chicken_curry,Mixed Food,Mixed Meat,ISIA Food-500,ISIA,INTERNATIONAL,2,Main
Chicken_fingers,Meat,Breaded Meat,ISIA Food-500,ISIA,INTERNATIONAL,2,Main
Chicken_Kiev,Meat,Breaded Meat,ISIA Food-500,ISIA,EUROPE,2,Main
Chicken_marsala,Mixed Food,Mixed Meat,ISIA Food-500,ISIA,EUROPE,2,Main
Chicken_noodle_soup,Noodle and Pasta,Noodle,ISIA Food-500,ISIA,INTERNATIONAL,6,Main
Chicken_nugget,Meat,Breaded Meat,ISIA Food-500,ISIA,INTERNATIONAL,2,Main
chicken_nugget,Meat,Breaded Meat,VIPER-FoodNet,VIPER,INTERNATIONAL,2,Main
Chicken_parmigiana,Mixed Food,Mixed Meat,ISIA Food-500,ISIA,INTERNATIONAL,2,Main
chicken_quesadilla,Sandwich and Similar Products,Wrap,Food-101,Food101,LATIN AMERICA AND THE CARIBBEAN,3,Main
Chicken_salad,Mixed Food,Meat and Vegetables,ISIA Food-500,ISIA,INTERNATIONAL,3,Main
Chicken_soup,Soups and Stews,Soups and Creams,ISIA Food-500,ISIA,INTERNATIONAL,4,Main
chicken_tender,Meat,Breaded Meat,VIPER-FoodNet,VIPER,INTERNATIONAL,2,Main
chicken_thigh,Meat,White Meat,VIPER-FoodNet,VIPER,INTERNATIONAL,4,Main
chicken_wing,Meat,White Meat,VIPER-FoodNet,VIPER,INTERNATIONAL,4,Main
chicken_wings,Meat,White Meat,Food-101,Food101,INTERNATIONAL,4,Main
chicken-'n'-egg on rice,Mixed Food,Mixed Food,UECFood-256,UECFOOD256,EAST AND SOUTHEAST ASIA,3,Main
chilaquiles,Mixed Food,Mixed Food,MAFood-121,MAFood121,LATIN AMERICA AND THE CARIBBEAN,3,Main
Chiles_en_nogada,Mixed Food,Mixed Food,ISIA Food-500,ISIA,LATIN AMERICA AND THE CARIBBEAN,3,Main
chiles_en_nogada,Mixed Food,Mixed Food,MAFood-121,MAFood121,LATIN AMERICA AND THE CARIBBEAN,3,Main
Chili_con_carne,Mixed Food,Mixed Meat,ISIA Food-500,ISIA,LATIN AMERICA AND THE CARIBBEAN,2,Main
chilled noodle,Noodle and Pasta,Noodle,UECFood-256,UECFOOD256,EAST AND SOUTHEAST ASIA,6,Main
Chilli_crab,Mixed Food,Mixed Seafood,ISIA Food-500,ISIA,EAST AND SOUTHEAST ASIA,4,Main
chinese pumpkin pie,Mixed Food,Fried Food,UECFood-256,UECFOOD256,EAST AND SOUTHEAST ASIA,2,Main
chinese soup,Soups and Stews,Soups and Creams,UECFood-256,UECFOOD256,EAST AND SOUTHEAST ASIA,4,Main
Chinese_chicken_salad,Salad,Other Types of Salad,ISIA Food-500,ISIA,EAST AND SOUTHEAST ASIA,3,Main
chip butty,Sandwich and Similar Products,Sandwich,UECFood-256,UECFOOD256,EUROPE,3,Main
chips,Salty Snacks,Vegetable Snacks,VIPER-FoodNet,VIPER,INTERNATIONAL,1,Snack
chocolate_cake,Sweet Products,Chocolate Products,Food-101,Food101,INTERNATIONAL,1,Dessert
Chocolate_covered_strawberries,Sweet Products,Chocolate Products,ISIA Food-500,ISIA,INTERNATIONAL,1,Dessert
Chocolate_marshmallow_pie,Sweet Products,Chocolate Products,ISIA Food-500,ISIA,INTERNATIONAL,1,Dessert
chocolate_milk,Drinks,Sugary Drinks,VIPER-FoodNet,VIPER,INTERNATIONAL,1,Drinks
chocolate_mousse,Sweet Products,Chocolate Products,Food-101,Food101,INTERNATIONAL,1,Dessert
chole,Beans,Cooked Beans,MAFood-121,MAFood121,CENTRAL ASIA,4,Main
chop suey,Mixed Food,Mixed Food,UECFood-256,UECFOOD256,EAST AND SOUTHEAST ASIA,3,Main
chow mein,Noodle and Pasta,Noodle,UECFood-256,UECFOOD256,EAST AND SOUTHEAST ASIA,6,Main
Chow_mein,Noodle and Pasta,Noodle,ISIA Food-500,ISIA,EAST AND SOUTHEAST ASIA,6,Main
Chowder,Soups and Stews,Soups and Creams,ISIA Food-500,ISIA,INTERNATIONAL,4,Main
Christmas_cake,Sweet Products,Pastries,ISIA Food-500,ISIA,INTERNATIONAL,1,Dessert
Churro,Sweet Products,Pastries,ISIA Food-500,ISIA,INTERNATIONAL,1,Dessert
churro,Sweet Products,Pastries,UECFood-256,UECFOOD256,INTERNATIONAL,1,Dessert
churros,Sweet Products,Pastries,Food-101,Food101,INTERNATIONAL,1,Dessert
Ciambelle,Sweet Products,Pastries,ISIA Food-500,ISIA,EUROPE,1,Dessert
cig_kofte,Meat,Red Meat,MAFood-121,MAFood121,NORTH AFRICA AND WEST ASIA,2,Main
Çiğ_köfte,Meat,Red Meat,ISIA Food-500,ISIA,NORTH AFRICA AND WEST ASIA,2,Main
cinnamon_bun,Sweet Products,Pastries,VIPER-FoodNet,VIPER,EUROPE,1,Dessert
clam_chowder,Soups and Stews,Soups and Creams,Food-101,Food101,NORTH AMERICA,4,Main
Clam_chowder,Soups and Stews,Soups and Creams,ISIA Food-500,ISIA,NORTH AMERICA,4,Main
Claypot_chicken_rice,Mixed Food,Rice and Meat,ISIA Food-500,ISIA,EAST AND SOUTHEAST ASIA,3,Main
clear soup,Soups and Stews,Soups and Creams,UECFood-256,UECFOOD256,INTERNATIONAL,4,Main
clementines,Fruits,Fruits,FruitVeg-81,FruitVeg81,INTERNATIONAL,5,Dessert
club_sandwich,Sandwich and Similar Products,Sandwich,Food-101,Food101,INTERNATIONAL,3,Main
Club_sandwich,Sandwich and Similar Products,Sandwich,ISIA Food-500,ISIA,INTERNATIONAL,3,Main
Cobbler_food,Sweet Products,Pastries,ISIA Food-500,ISIA,INTERNATIONAL,1,Dessert
coconut milk soup,Soups and Stews,Soups and Creams,UECFood-256,UECFOOD256,EAST AND SOUTHEAST ASIA,4,Main
Coconut milk-flavored crepes with shrimp and beef,Mixed Food,Mixed Food,UECFood-256,UECFOOD256,EAST AND SOUTHEAST ASIA,3,Main
Coconut_cake,Sweet Products,Pastries,ISIA Food-500,ISIA,NORTH AMERICA,1,Dessert
Coconut_cream,Sweet Products,Other Sweet Products,ISIA Food-500,ISIA,INTERNATIONAL,1,Dessert
Coconut_shrimp,Mixed Food,Mixed Seafood,ISIA Food-500,ISIA,INTERNATIONAL,4,Main
coconuts,Fruits,Fruits,FruitVeg-81,FruitVeg81,INTERNATIONAL,5,Dessert
Coda_alla_vaccinara,Soups and Stews,Stews,ISIA Food-500,ISIA,EUROPE,4,Main
Coffee_jelly,Drinks,Coffee,ISIA Food-500,ISIA,INTERNATIONAL,2,Drinks
Colcannon,Vegetables,Cooked Vegetables,ISIA Food-500,ISIA,EUROPE,5,Main
cold tofu,Beans,Cooked Beans,UECFood-256,UECFOOD256,INTERNATIONAL,4,Main
Coleslaw,Vegetables,Fresh Vegetables,ISIA Food-500,ISIA,INTERNATIONAL,5,Main
coleslaw,Vegetables,Fresh Vegetables,VIPER-FoodNet,VIPER,INTERNATIONAL,5,Main
com_tam,Mixed Food,Mixed Food,MAFood-121,MAFood121,EAST AND SOUTHEAST ASIA,3,Main
confit_de_canard,Meat,Red Meat,MAFood-121,MAFood121,EUROPE,2,Main
Congee,Soups and Stews,Soups and Creams,ISIA Food-500,ISIA,EAST AND SOUTHEAST ASIA,4,Main
cookie,Sweet Products,Pastries,VIPER-FoodNet,VIPER,INTERNATIONAL,1,Dessert
coq_au_vin,Soups and Stews,Stews,MAFood-121,MAFood121,EUROPE,4,Main
Corn_chip,Salty Snacks,Bean Snacks,ISIA Food-500,ISIA,INTERNATIONAL,1,Snack
Corn_crab_soup,Soups and Stews,Soups and Creams,ISIA Food-500,ISIA,INTERNATIONAL,4,Main
Corn_dog,Mixed Food,Stuffed Dough,ISIA Food-500,ISIA,INTERNATIONAL,2,Main
Corn_soup,Soups and Stews,Soups and Creams,ISIA Food-500,ISIA,INTERNATIONAL,4,Main
Corn_stew,Soups and Stews,Stews,ISIA Food-500,ISIA,INTERNATIONAL,4,Main
Corn_tortilla,Mixed Food,Mixed Food,ISIA Food-500,ISIA,LATIN AMERICA AND THE CARIBBEAN,3,Main
cornbread,Sweet Products,Pastries,VIPER-FoodNet,VIPER,NORTH AMERICA,1,Dessert
Corned_beef_sandwich,Sandwich and Similar Products,Sandwich,ISIA Food-500,ISIA,NORTH AFRICA AND WEST ASIA,3,Main
Cotoletta,Meat,Breaded Meat,ISIA Food-500,ISIA,EUROPE,2,Main
Crab_cake,Mixed Food,Mixed Seafood,ISIA Food-500,ISIA,INTERNATIONAL,4,Main
crab_cakes,Mixed Food,Mixed Seafood,Food-101,Food101,INTERNATIONAL,4,Main
Crab_dip,Mixed Food,Sauce,ISIA Food-500,ISIA,INTERNATIONAL,1,Snack
Crab_in_Padang_sauce,Mixed Food,Mixed Seafood,ISIA Food-500,ISIA,EAST AND SOUTHEAST ASIA,4,Main
Crab_puff,Seafood,Fried Seafood,ISIA Food-500,ISIA,INTERNATIONAL,3,Main
Crab_rangoon,Seafood,Fried Seafood,ISIA Food-500,ISIA,INTERNATIONAL,3,Main
crape,Sweet Products,Pastries,UECFood-256,UECFOOD256,INTERNATIONAL,1,Dessert
cream puff,Sweet Products,Other Sweet Products,UECFood-256,UECFOOD256,INTERNATIONAL,1,Dessert
Cream_of_broccoli_soup,Soups and Stews,Soups and Creams,ISIA Food-500,ISIA,INTERNATIONAL,4,Main
Cream_of_mushroom_soup,Soups and Stews,Soups and Creams,ISIA Food-500,ISIA,INTERNATIONAL,4,Main
Cream_pie,Sweet Products,Pastries,ISIA Food-500,ISIA,INTERNATIONAL,1,Dessert
Creamed_eggs_on_toast,Bread and Similar Products,Toast,ISIA Food-500,ISIA,INTERNATIONAL,3,Dessert
creme_brulee,Sweet Products,Dairy Dessert,Food-101,Food101,EUROPE,1,Dessert
Crispy Noodles,Noodle and Pasta,Noodle,UECFood-256,UECFOOD256,EAST AND SOUTHEAST ASIA,6,Main
Croissant,Sweet Products,Pastries,ISIA Food-500,ISIA,INTERNATIONAL,1,Dessert
croissant,Sweet Products,Pastries,UECFood-256,UECFOOD256,INTERNATIONAL,1,Dessert
croissant,Sweet Products,Pastries,VIPER-FoodNet,VIPER,INTERNATIONAL,1,Dessert
croque_madame,Sandwich and Similar Products,Sandwich,Food-101,Food101,EUROPE,3,Main
croquette,Mixed Food,Fried Food,UECFood-256,UECFOOD256,INTERNATIONAL,2,Main
Crudo,Mixed Food,Mixed Food,ISIA Food-500,ISIA,INTERNATIONAL,3,Main
crullers,Sweet Products,Pastries,UECFood-256,UECFOOD256,EAST AND SOUTHEAST ASIA,1,Dessert
Crumble,Sweet Products,Pastries,ISIA Food-500,ISIA,INTERNATIONAL,1,Dessert
Cucumber_soup,Soups and Stews,Soups and Creams,ISIA Food-500,ISIA,INTERNATIONAL,4,Main
cucumbers,Vegetables,Fresh Vegetables,FruitVeg-81,FruitVeg81,INTERNATIONAL,5,Main
cup_cakes,Sweet Products,Pastries,Food-101,Food101,INTERNATIONAL,1,Dessert
cupcake,Sweet Products,Pastries,VIPER-FoodNet,VIPER,INTERNATIONAL,1,Dessert
Cured_salmon,Fish,Varied Fish,ISIA Food-500,ISIA,INTERNATIONAL,4,Main
curry puff,Mixed Food,Pie,UECFood-256,UECFOOD256,EAST AND SOUTHEAST ASIA,2,Main
Curry_goat,Mixed Food,Mixed Food,ISIA Food-500,ISIA,INTERNATIONAL,3,Main
Curry_Mee,Noodle and Pasta,Noodle,ISIA Food-500,ISIA,EAST AND SOUTHEAST ASIA,6,Main
Curry_rice,Mixed Food,Mixed Rice,ISIA Food-500,ISIA,INTERNATIONAL,6,Main
Currywurst,Mixed Food,Meat and Vegetables,ISIA Food-500,ISIA,EUROPE,3,Main
custard tart,Sweet Products,Other Sweet Products,UECFood-256,UECFOOD256,INTERNATIONAL,1,Dessert
cutlet curry,Mixed Food,Rice and Meat,UECFood-256,UECFOOD256,INTERNATIONAL,3,Main
dak galbi,Mixed Food,Meat and Vegetables,UECFood-256,UECFOOD256,EAST AND SOUTHEAST ASIA,3,Main
damsons,Fruits,Fruits,FruitVeg-81,FruitVeg81,INTERNATIONAL,5,Dessert
Dandan_noodles,Noodle and Pasta,Noodle,ISIA Food-500,ISIA,EAST AND SOUTHEAST ASIA,6,Main
Deep Fried Chicken Wing,Meat,Breaded Meat,UECFood-256,UECFOOD256,INTERNATIONAL,2,Main
Deep-fried_peanuts,Salty Snacks,Nut Snacks,ISIA Food-500,ISIA,INTERNATIONAL,4,Snack
Denver_omelette,Mixed Food,Mixed Eggs,ISIA Food-500,ISIA,NORTH AMERICA,4,Main
Denver_sandwich,Sandwich and Similar Products,Sandwich,ISIA Food-500,ISIA,NORTH AMERICA,3,Main
deviled_eggs,Eggs,Eggs,Food-101,Food101,EUROPE,4,Main
Dhokla,Mixed Food,Rice and Beans,ISIA Food-500,ISIA,CENTRAL ASIA,4,Main
Di_san_xian,Vegetables,Cooked Vegetables,ISIA Food-500,ISIA,EAST AND SOUTHEAST ASIA,5,Main
Dinuguan,Soups and Stews,Stews,ISIA Food-500,ISIA,EAST AND SOUTHEAST ASIA,4,Main
dipping noodles,Noodle and Pasta,Noodle,UECFood-256,UECFOOD256,EAST AND SOUTHEAST ASIA,6,Main
Dirty_Rice,Rice,Rice,ISIA Food-500,ISIA,NORTH AMERICA,6,Main
"dish consisting of stir-fried potato, eggplant and green pepper",Vegetables,Cooked Vegetables,UECFood-256,UECFOOD256,EAST AND SOUTHEAST ASIA,5,Main
Dong'an_chicken,Mixed Food,Mixed Meat,ISIA Food-500,ISIA,EAST AND SOUTHEAST ASIA,2,Main
donuts,Sweet Products,Pastries,Food-101,Food101,INTERNATIONAL,1,Dessert
Doufunao,Soups and Stews,Stews,ISIA Food-500,ISIA,EAST AND SOUTHEAST ASIA,4,Main
Doughnut,Sweet Products,Pastries,ISIA Food-500,ISIA,INTERNATIONAL,1,Dessert
doughnut,Sweet Products,Pastries,UECFood-256,UECFOOD256,INTERNATIONAL,1,Dessert
doughnut,Sweet Products,Pastries,VIPER-FoodNet,VIPER,INTERNATIONAL,1,Dessert
dried fish,Fish,Varied Fish,UECFood-256,UECFOOD256,INTERNATIONAL,4,Main
Drunken_chicken,Meat,White Meat,ISIA Food-500,ISIA,INTERNATIONAL,4,Main
Drunken_shrimp,Seafood,Crustacean,ISIA Food-500,ISIA,EAST AND SOUTHEAST ASIA,4,Main
dry curry,Mixed Food,Rice and Meat,UECFood-256,UECFOOD256,EAST AND SOUTHEAST ASIA,3,Main
Duck_soup_noodles,Noodle and Pasta,Noodle,ISIA Food-500,ISIA,EAST AND SOUTHEAST ASIA,6,Main
dumplings,Mixed Food,Dumpling,Food-101,Food101,EAST AND SOUTHEAST ASIA,2,Main
edamame,Beans,Cooked Beans,Food-101,Food101,EAST AND SOUTHEAST ASIA,4,Main
Edamame,Beans,Cooked Beans,ISIA Food-500,ISIA,EAST AND SOUTHEAST ASIA,4,Main
eels on rice,Mixed Food,Rice and Fish,UECFood-256,UECFOOD256,EAST AND SOUTHEAST ASIA,4,Main
Egg Noodle In Chicken Yellow Curry,Noodle and Pasta,Noodle,UECFood-256,UECFOOD256,EAST AND SOUTHEAST ASIA,6,Main
egg roll,Mixed Food,Fried Food,UECFood-256,UECFOOD256,EAST AND SOUTHEAST ASIA,2,Main
egg sunny-side up,Eggs,Eggs,UECFood-256,UECFOOD256,INTERNATIONAL,4,Main
eggplant with garlic sauce,Mixed Food,Mixed Vegetables,UECFood-256,UECFOOD256,EAST AND SOUTHEAST ASIA,5,Main
Eggplant_omelette,Mixed Food,Mixed Eggs,ISIA Food-500,ISIA,EAST AND SOUTHEAST ASIA,4,Main
eggplants,Vegetables,Fresh Vegetables,FruitVeg-81,FruitVeg81,INTERNATIONAL,5,Main
eggs_benedict,Mixed Food,Mixed Eggs,Food-101,Food101,EUROPE,4,Main
eight treasure rice,Sweet Products,Other Sweet Products,UECFood-256,UECFOOD256,EAST AND SOUTHEAST ASIA,1,Dessert
Eisbein,Meat,Varied Meat,ISIA Food-500,ISIA,EUROPE,2,Main
enchiladas,Mixed Food,Mixed Food,MAFood-121,MAFood121,LATIN AMERICA AND THE CARIBBEAN,3,Main
Es_campur,Sweet Products,Fruit Dessert,ISIA Food-500,ISIA,EAST AND SOUTHEAST ASIA,1,Dessert
Es_pisang_ijo,Sweet Products,Other Sweet Products,ISIA Food-500,ISIA,EAST AND SOUTHEAST ASIA,1,Dessert
falafel,Mixed Food,Mixed Beans,Food-101,Food101,NORTH AFRICA AND WEST ASIA,4,Main
fennels,Vegetables,Fresh Vegetables,FruitVeg-81,FruitVeg81,INTERNATIONAL,5,Main
filet_mignon,Meat,Red Meat,Food-101,Food101,INTERNATIONAL,2,Main
Filet_mignon,Meat,Red Meat,ISIA Food-500,ISIA,INTERNATIONAL,2,Main
fine white noodles,Noodle and Pasta,Noodle,UECFood-256,UECFOOD256,EAST AND SOUTHEAST ASIA,6,Main
fish ball soup,Soups and Stews,Soups and Creams,UECFood-256,UECFOOD256,INTERNATIONAL,4,Main
fish_and_chips,Mixed Food,Mixed Fish,Food-101,Food101,EUROPE,4,Main
Fish_ball,Fish,Varied Fish,ISIA Food-500,ISIA,EAST AND SOUTHEAST ASIA,4,Main
Fish_chowder,Soups and Stews,Soups and Creams,ISIA Food-500,ISIA,INTERNATIONAL,4,Main
Fish_head_casserole,Mixed Food,Mixed Fish,ISIA Food-500,ISIA,EAST AND SOUTHEAST ASIA,4,Main
Fish_head_curry,Mixed Food,Mixed Fish,ISIA Food-500,ISIA,CENTRAL ASIA,4,Main
Fish_soup,Soups and Stews,Soups and Creams,ISIA Food-500,ISIA,INTERNATIONAL,4,Main
Fish_steak,Fish,Varied Fish,ISIA Food-500,ISIA,INTERNATIONAL,4,Main
Fishcake,Fish,Fried or Breaded Fish,ISIA Food-500,ISIA,INTERNATIONAL,3,Main
fish-shaped pancake with bean jam,Salty Snacks,Other Salty Snacks,UECFood-256,UECFOOD256,EAST AND SOUTHEAST ASIA,1,Snack
foie_gras,Meat,Pâté,Food-101,Food101,INTERNATIONAL,1,Appetizer
Francesinha,Sandwich and Similar Products,Sandwich,ISIA Food-500,ISIA,EUROPE,3,Main
Frappe,Drinks,Coffee,ISIA Food-500,ISIA,INTERNATIONAL,2,Drinks
french bread,Bread and Similar Products,Bread,UECFood-256,UECFOOD256,INTERNATIONAL,6,Bread
french fries,Fast Food,Fries,UECFood-256,UECFOOD256,INTERNATIONAL,1,Side
french toast,Bread and Similar Products,Toast,UECFood-256,UECFOOD256,INTERNATIONAL,3,Dessert
french_fries,Fast Food,Fries,Food-101,Food101,INTERNATIONAL,1,Side
french_fries,Fast Food,Fries,VIPER-FoodNet,VIPER,INTERNATIONAL,1,Side
french_onion_soup,Soups and Stews,Soups and Creams,Food-101,Food101,INTERNATIONAL,4,Main
French_onion_soup,Soups and Stews,Soups and Creams,ISIA Food-500,ISIA,INTERNATIONAL,4,Main
french_toast,Bread and Similar Products,Toast,Food-101,Food101,INTERNATIONAL,3,Dessert
French_toast,Bread and Similar Products,Toast,ISIA Food-500,ISIA,INTERNATIONAL,3,Dessert
french_toast,Bread and Similar Products,Toast,VIPER-FoodNet,VIPER,INTERNATIONAL,3,Dessert
Fricassee,Mixed Food,Meat and Vegetables,ISIA Food-500,ISIA,EUROPE,3,Main
fried chicken,Meat,Breaded Meat,UECFood-256,UECFOOD256,INTERNATIONAL,2,Main
fried fish,Fish,Fried or Breaded Fish,UECFood-256,UECFOOD256,INTERNATIONAL,3,Main
fried mussel pancakes,Mixed Food,Mixed Food,UECFood-256,UECFOOD256,EAST AND SOUTHEAST ASIA,3,Main
fried noodle,Noodle and Pasta,Noodle,UECFood-256,UECFOOD256,EAST AND SOUTHEAST ASIA,6,Main
fried pork dumplings served in soup,Mixed Food,Dumpling,UECFood-256,UECFOOD256,EAST AND SOUTHEAST ASIA,2,Main
fried pork in scoop,Meat,Breaded Meat,UECFood-256,UECFOOD256,EAST AND SOUTHEAST ASIA,2,Main
fried rice,Rice,Rice,UECFood-256,UECFOOD256,INTERNATIONAL,6,Main
fried shrimp,Seafood,Fried Seafood,UECFood-256,UECFOOD256,INTERNATIONAL,3,Main
Fried spring rolls,Mixed Food,Fried Food,UECFood-256,UECFOOD256,EAST AND SOUTHEAST ASIA,2,Main
Fried_aubergine,Vegetables,Fried Vegetables,ISIA Food-500,ISIA,INTERNATIONAL,4,Main
fried_calamari,Fish,Fried or Breaded Fish,Food-101,Food101,INTERNATIONAL,3,Main
Fried_cheese,Dairy Products,Fried Dairy Products,ISIA Food-500,ISIA,INTERNATIONAL,3,Main
Fried_chicken,Meat,Breaded Meat,ISIA Food-500,ISIA,INTERNATIONAL,2,Main
Fried_noodles,Noodle and Pasta,Noodle,ISIA Food-500,ISIA,EAST AND SOUTHEAST ASIA,6,Main
Fried_onion,Vegetables,Fried Vegetables,ISIA Food-500,ISIA,INTERNATIONAL,4,Main
fried_rice,Rice,Rice,Food-101,Food101,INTERNATIONAL,6,Main
Fried_rice,Rice,Rice,ISIA Food-500,ISIA,INTERNATIONAL,6,Main
fried_rice,Rice,Rice,VIPER-FoodNet,VIPER,INTERNATIONAL,6,Main
Fried_Tofu,Beans,Fried Beans,ISIA Food-500,ISIA,INTERNATIONAL,3,Main
frozen_yogurt,Sweet Products,Dairy Dessert,Food-101,Food101,INTERNATIONAL,1,Dessert
Fruit_curd,Sweet Products,Fruit Dessert,ISIA Food-500,ISIA,INTERNATIONAL,1,Dessert
fruit_drink,Drinks,Other Drinks,VIPER-FoodNet,VIPER,INTERNATIONAL,1,Drinks
Fuqi_feipian,Mixed Food,Mixed Meat,ISIA Food-500,ISIA,EAST AND SOUTHEAST ASIA,2,Main
g,Noodle and Pasta,Italian Pasta,Food-11,Food11,INTERNATIONAL,6,Main
Galbi,Meat,Red Meat,ISIA Food-500,ISIA,EAST AND SOUTHEAST ASIA,2,Main
ganmodoki,Mixed Food,Fried Food,UECFood-256,UECFOOD256,EAST AND SOUTHEAST ASIA,2,Main
garlic_bread,Bread and Similar Products,Bread,Food-101,Food101,INTERNATIONAL,6,Bread
Garlic_bread,Bread and Similar Products,Bread,ISIA Food-500,ISIA,INTERNATIONAL,6,Bread
garlics,Vegetables,Fresh Vegetables,FruitVeg-81,FruitVeg81,INTERNATIONAL,5,Main
Gejang,Mixed Food,Mixed Seafood,ISIA Food-500,ISIA,EAST AND SOUTHEAST ASIA,4,Main
ginger pork saute,Meat,Varied Meat,UECFood-256,UECFOOD256,EAST AND SOUTHEAST ASIA,2,Main
Ginger_beef,Mixed Food,Meat and Vegetables,ISIA Food-500,ISIA,INTERNATIONAL,3,Main
gingers,Vegetables,Fresh Vegetables,FruitVeg-81,FruitVeg81,INTERNATIONAL,5,Main
glutinous oil rice,Mixed Food,Mixed Rice,UECFood-256,UECFOOD256,EAST AND SOUTHEAST ASIA,6,Main
Glutinous Rice Balls,Rice,Rice,UECFood-256,UECFOOD256,EAST AND SOUTHEAST ASIA,6,Main
gnocchi,Noodle and Pasta,Other Types of Pasta,Food-101,Food101,INTERNATIONAL,6,Main
Gołąbki,Mixed Food,Mixed Food,ISIA Food-500,ISIA,EUROPE,3,Main
Goulash,Soups and Stews,Stews,ISIA Food-500,ISIA,EUROPE,4,Main
goya chanpuru,Mixed Food,Mixed Food,UECFood-256,UECFOOD256,EAST AND SOUTHEAST ASIA,3,Main
grapefruits,Fruits,Fruits,FruitVeg-81,FruitVeg81,INTERNATIONAL,5,Dessert
grapes,Fruits,Fruits,FruitVeg-81,FruitVeg81,INTERNATIONAL,5,Dessert
gratin,Mixed Food,Mixed Food,UECFood-256,UECFOOD256,INTERNATIONAL,3,Main
Gravlax,Fish,Varied Fish,ISIA Food-500,ISIA,EUROPE,4,Main
greek_salad,Salad,Other Types of Salad,Food-101,Food101,EUROPE,3,Main
Greek_salad,Salad,Other Types of Salad,ISIA Food-500,ISIA,EUROPE,3,Main
green curry,Mixed Food,Mixed Food,UECFood-256,UECFOOD256,EAST AND SOUTHEAST ASIA,3,Main
green salad,Salad,Side Dish Salad,UECFood-256,UECFOOD256,INTERNATIONAL,5,Side
Green_bean_casserole,Mixed Food,Mixed Beans,ISIA Food-500,ISIA,NORTH AMERICA,4,Main
green_beans,Beans,Cooked Beans,VIPER-FoodNet,VIPER,INTERNATIONAL,4,Main
Green_papaya_salad,Salad,Other Types of Salad,ISIA Food-500,ISIA,EAST AND SOUTHEAST ASIA,3,Main
grilled eggplant,Mixed Food,Mixed Vegetables,UECFood-256,UECFOOD256,INTERNATIONAL,5,Main
grilled pacific saury,Fish,Varied Fish,UECFood-256,UECFOOD256,INTERNATIONAL,4,Main
grilled salmon,Fish,Varied Fish,UECFood-256,UECFOOD256,INTERNATIONAL,4,Main
grilled_cheese_sandwich,Sandwich and Similar Products,Sandwich,Food-101,Food101,INTERNATIONAL,3,Main
grilled_salmon,Fish,Varied Fish,Food-101,Food101,INTERNATIONAL,4,Main
grilled_salmon,Fish,Varied Fish,VIPER-FoodNet,VIPER,INTERNATIONAL,4,Main
Grits,Noodle and Pasta,Other Types of Pasta,ISIA Food-500,ISIA,NORTH AMERICA,6,Main
guacamole,Mixed Food,Sauce,Food-101,Food101,LATIN AMERICA AND THE CARIBBEAN,1,Snack
gulai,Mixed Food,Mixed Food,UECFood-256,UECFOOD256,EAST AND SOUTHEAST ASIA,3,Main
Gulai_Ayam,Mixed Food,Mixed Meat,ISIA Food-500,ISIA,EAST AND SOUTHEAST ASIA,2,Main
gyoza,Mixed Food,Dumpling,Food-101,Food101,EAST AND SOUTHEAST ASIA,2,Main
gyro,Sandwich and Similar Products,Wrap,MAFood-121,MAFood121,EUROPE,3,Main
Gyutan,Meat,Red Meat,ISIA Food-500,ISIA,EAST AND SOUTHEAST ASIA,2,Main
h,Rice,Rice,Food-11,Food11,INTERNATIONAL,6,Main
Hae_mee,Noodle and Pasta,Noodle,ISIA Food-500,ISIA,EAST AND SOUTHEAST ASIA,6,Main
Hainanese_chicken_rice,Mixed Food,Rice and Meat,ISIA Food-500,ISIA,EAST AND SOUTHEAST ASIA,3,Main
ham cutlet,Mixed Food,Fried Food,UECFood-256,UECFOOD256,INTERNATIONAL,2,Main
Ham_and_cheese_sandwich,Sandwich and Similar Products,Sandwich,ISIA Food-500,ISIA,INTERNATIONAL,3,Main
Ham_salad,Mixed Food,Mixed Food,ISIA Food-500,ISIA,INTERNATIONAL,3,Main
Ham_sandwich,Sandwich and Similar Products,Sandwich,ISIA Food-500,ISIA,INTERNATIONAL,3,Main
hambarg steak,Meat,Red Meat,UECFood-256,UECFOOD256,INTERNATIONAL,2,Main
hamburger,Fast Food,Burger,Food-101,Food101,INTERNATIONAL,1,Main
hamburger,Fast Food,Burger,UECFood-256,UECFOOD256,INTERNATIONAL,1,Main
hamburgers,Fast Food,Burger,ISIA Food-500,ISIA,INTERNATIONAL,1,Main
hamsi,Fish,Varied Fish,MAFood-121,MAFood121,INTERNATIONAL,4,Main
Har_gow,Mixed Food,Dumpling,ISIA Food-500,ISIA,EAST AND SOUTHEAST ASIA,2,Main
hash_brown,Vegetables,Fried Vegetables,VIPER-FoodNet,VIPER,INTERNATIONAL,4,Main
haupia,Sweet Products,Other Sweet Products,UECFood-256,UECFOOD256,NORTH AMERICA,1,Dessert
Hiyayakko,Beans,Cooked Beans,ISIA Food-500,ISIA,EAST AND SOUTHEAST ASIA,4,Main
Hokkien_mee,Noodle and Pasta,Noodle,ISIA Food-500,ISIA,EAST AND SOUTHEAST ASIA,6,Main
Hongshao_rou,Meat,Varied Meat,ISIA Food-500,ISIA,EAST AND SOUTHEAST ASIA,2,Main
Hoppin'_John,Mixed Food,Rice and Beans,ISIA Food-500,ISIA,NORTH AMERICA,4,Main
hot & sour soup,Soups and Stews,Soups and Creams,UECFood-256,UECFOOD256,EAST AND SOUTHEAST ASIA,4,Main
"hot and sour, fish and vegetable ragout",Soups and Stews,Stews,UECFood-256,UECFOOD256,INTERNATIONAL,4,Main
hot dog,Fast Food,Hot Dog,UECFood-256,UECFOOD256,INTERNATIONAL,1,Main
hot pot,Soups and Stews,Stews,UECFood-256,UECFOOD256,EAST AND SOUTHEAST ASIA,4,Main
hot_and_sour_soup,Soups and Stews,Soups and Creams,Food-101,Food101,EAST AND SOUTHEAST ASIA,4,Main
Hot_and_sour_soup,Soups and Stews,Soups and Creams,ISIA Food-500,ISIA,EAST AND SOUTHEAST ASIA,4,Main
hot_dog,Fast Food,Hot Dog,Food-101,Food101,INTERNATIONAL,1,Main
hot_dog,Fast Food,Hot Dog,VIPER-FoodNet,VIPER,INTERNATIONAL,1,Main
Huangqiao_sesame_cake,Mixed Food,Mixed Food,ISIA Food-500,ISIA,EAST AND SOUTHEAST ASIA,3,Main
Hue beef rice vermicelli soup,Noodle and Pasta,Noodle,UECFood-256,UECFOOD256,EAST AND SOUTHEAST ASIA,6,Main
huevos_rancheros,Mixed Food,Mixed Eggs,Food-101,Food101,LATIN AMERICA AND THE CARIBBEAN,4,Main
Huevos_rancheros,Mixed Food,Mixed Eggs,ISIA Food-500,ISIA,LATIN AMERICA AND THE CARIBBEAN,4,Main
hummus,Mixed Food,Sauce,Food-101,Food101,NORTH AFRICA AND WEST ASIA,1,Snack
Hummus,Mixed Food,Sauce,ISIA Food-500,ISIA,NORTH AFRICA AND WEST ASIA,1,Snack
hunkar_begendi,Mixed Food,Mixed Meat,MAFood-121,MAFood121,NORTH AFRICA AND WEST ASIA,2,Main
ice_cream,Sweet Products,Dairy Dessert,Food-101,Food101,INTERNATIONAL,1,Dessert
ice_cream,Sweet Products,Dairy Dessert,VIPER-FoodNet,VIPER,INTERNATIONAL,1,Dessert
icli_kofte,Meat,Breaded Meat,MAFood-121,MAFood121,NORTH AFRICA AND WEST ASIA,2,Main
Ikan_bakar,Fish,Varied Fish,ISIA Food-500,ISIA,EAST AND SOUTHEAST ASIA,4,Main
Ikan_goreng,Mixed Food,Mixed Fish,ISIA Food-500,ISIA,EAST AND SOUTHEAST ASIA,4,Main
inarizushi,Mixed Food,Sushi,UECFood-256,UECFOOD256,EAST AND SOUTHEAST ASIA,4,Main
ispanak,Vegetables,Cooked Vegetables,MAFood-121,MAFood121,INTERNATIONAL,5,Main
Israeli_salad,Salad,Other Types of Salad,ISIA Food-500,ISIA,NORTH AFRICA AND WEST ASIA,3,Main
Italian_tomato_pie,Fast Food,Pizza,ISIA Food-500,ISIA,INTERNATIONAL,1,Main
Jajangmyeon,Noodle and Pasta,Noodle,ISIA Food-500,ISIA,EAST AND SOUTHEAST ASIA,6,Main
Jambalaya,Mixed Food,Mixed Rice,ISIA Food-500,ISIA,NORTH AMERICA,6,Main
jambalaya,Mixed Food,Mixed Rice,UECFood-256,UECFOOD256,NORTH AMERICA,6,Main
Jambonneau,Mixed Food,Mixed Meat,ISIA Food-500,ISIA,EUROPE,2,Main
Japanese tofu and vegetable chowder,Soups and Stews,Soups and Creams,UECFood-256,UECFOOD256,EAST AND SOUTHEAST ASIA,4,Main
Japanese-style pancake,Mixed Food,Mixed Food,UECFood-256,UECFOOD256,EAST AND SOUTHEAST ASIA,3,Main
Japchae,Noodle and Pasta,Noodle,ISIA Food-500,ISIA,EAST AND SOUTHEAST ASIA,6,Main
Jewish_apple_cake,Sweet Products,Pastries,ISIA Food-500,ISIA,INTERNATIONAL,1,Dessert
jiaozi,Mixed Food,Dumpling,UECFood-256,UECFOOD256,EAST AND SOUTHEAST ASIA,2,Main
Jiuniang,Sweet Products,Other Sweet Products,ISIA Food-500,ISIA,EAST AND SOUTHEAST ASIA,1,Dessert
jjigae,Soups and Stews,Stews,UECFood-256,UECFOOD256,EAST AND SOUTHEAST ASIA,4,Main
kaali_daal,Soups and Stews,Stews,MAFood-121,MAFood121,CENTRAL ASIA,4,Main
Kachori,Mixed Food,Fried Food,ISIA Food-500,ISIA,EAST AND SOUTHEAST ASIA,2,Main
Kadhi,Soups and Stews,Soups and Creams,ISIA Food-500,ISIA,CENTRAL ASIA,4,Main
Kakuni,Mixed Food,Mixed Meat,ISIA Food-500,ISIA,EAST AND SOUTHEAST ASIA,2,Main
kamameshi,Mixed Food,Mixed Rice,UECFood-256,UECFOOD256,EAST AND SOUTHEAST ASIA,6,Main
Katsudon,Mixed Food,Rice and Meat,ISIA Food-500,ISIA,EAST AND SOUTHEAST ASIA,3,Main
kaya toast,Sandwich and Similar Products,Sandwich,UECFood-256,UECFOOD256,EAST AND SOUTHEAST ASIA,3,Main
kebab,Meat,Red Meat,ISIA Food-500,ISIA,INTERNATIONAL,2,Main
kebap,Meat,Red Meat,MAFood-121,MAFood121,INTERNATIONAL,2,Main
Kedgeree,Mixed Food,Mixed Rice,ISIA Food-500,ISIA,EUROPE,6,Main
Key_lime_pie,Sweet Products,Pastries,ISIA Food-500,ISIA,NORTH AMERICA,1,Dessert
khao soi,Noodle and Pasta,Noodle,UECFood-256,UECFOOD256,EAST AND SOUTHEAST ASIA,6,Main
kinpira-style sauteed burdock,Vegetables,Cooked Vegetables,UECFood-256,UECFOOD256,EAST AND SOUTHEAST ASIA,5,Main
kisir,Noodle and Pasta,Other Types of Pasta,MAFood-121,MAFood121,NORTH AFRICA AND WEST ASIA,6,Main
kiwanos,Fruits,Fruits,FruitVeg-81,FruitVeg81,INTERNATIONAL,5,Dessert
kiwis,Fruits,Fruits,FruitVeg-81,FruitVeg81,INTERNATIONAL,5,Dessert
kolokythokeftedes,Vegetables,Fried Vegetables,MAFood-121,MAFood121,EUROPE,4,Main
Konnyaku,Vegetables,Cooked Vegetables,ISIA Food-500,ISIA,EAST AND SOUTHEAST ASIA,5,Main
Korean_fried_chicken,Meat,Breaded Meat,ISIA Food-500,ISIA,EAST AND SOUTHEAST ASIA,2,Main
kumquats,Fruits,Fruits,FruitVeg-81,FruitVeg81,EAST AND SOUTHEAST ASIA,5,Dessert
kung pao chicken,Mixed Food,Meat and Vegetables,UECFood-256,UECFOOD256,EAST AND SOUTHEAST ASIA,3,Main
Kung_Pao_chicken,Mixed Food,Meat and Vegetables,ISIA Food-500,ISIA,EAST AND SOUTHEAST ASIA,3,Main
kushikatu,Meat,Breaded Meat,UECFood-256,UECFOOD256,EAST AND SOUTHEAST ASIA,2,Main
Kwetiau_goreng,Noodle and Pasta,Noodle,ISIA Food-500,ISIA,EAST AND SOUTHEAST ASIA,6,Main
Laddu,Sweet Products,Other Sweet Products,ISIA Food-500,ISIA,CENTRAL ASIA,1,Dessert
Laksa,Soups and Stews,Soups and Creams,ISIA Food-500,ISIA,EAST AND SOUTHEAST ASIA,4,Main
laksa,Soups and Stews,Soups and Creams,UECFood-256,UECFOOD256,EAST AND SOUTHEAST ASIA,4,Main
lamb kebabs,Meat,Red Meat,UECFood-256,UECFOOD256,INTERNATIONAL,2,Main
Lamb_chop,Meat,Red Meat,ISIA Food-500,ISIA,INTERNATIONAL,2,Main
lasagna,Noodle and Pasta,Italian Pasta,Food-101,Food101,INTERNATIONAL,6,Main
Lasagna,Noodle and Pasta,Italian Pasta,ISIA Food-500,ISIA,INTERNATIONAL,6,Main
lasagna,Noodle and Pasta,Italian Pasta,UECFood-256,UECFOOD256,INTERNATIONAL,6,Main
lasagna,Noodle and Pasta,Italian Pasta,VIPER-FoodNet,VIPER,INTERNATIONAL,6,Main
laulau,Mixed Food,Mixed Food,UECFood-256,UECFOOD256,NORTH AMERICA,3,Main
Lebkuchen,Sweet Products,Pastries,ISIA Food-500,ISIA,EUROPE,1,Dessert
Leek_soup,Soups and Stews,Soups and Creams,ISIA Food-500,ISIA,INTERNATIONAL,4,Main
leeks,Vegetables,Fresh Vegetables,FruitVeg-81,FruitVeg81,INTERNATIONAL,5,Main
lemon fig jelly,Sweet Products,Other Sweet Products,UECFood-256,UECFOOD256,INTERNATIONAL,1,Dessert
Lemon_chicken,Mixed Food,Mixed Meat,ISIA Food-500,ISIA,INTERNATIONAL,2,Main
Lemon_ice_box_pie,Sweet Products,Pastries,ISIA Food-500,ISIA,INTERNATIONAL,1,Dessert
Lemon_meringue_pie,Sweet Products,Pastries,ISIA Food-500,ISIA,INTERNATIONAL,1,Dessert
Lemon_tart,Sweet Products,Pastries,ISIA Food-500,ISIA,INTERNATIONAL,1,Dessert
Lemonade,Drinks,Vegetable Drinks,ISIA Food-500,ISIA,INTERNATIONAL,3,Drinks
lemons,Fruits,Fruits,FruitVeg-81,FruitVeg81,INTERNATIONAL,5,Dessert
Lentil_soup,Soups and Stews,Stews,ISIA Food-500,ISIA,INTERNATIONAL,4,Main
Lettuce_soup,Soups and Stews,Soups and Creams,ISIA Food-500,ISIA,INTERNATIONAL,4,Main
lightly roasted fish,Fish,Varied Fish,UECFood-256,UECFOOD256,INTERNATIONAL,4,Main
limes,Fruits,Fruits,FruitVeg-81,FruitVeg81,INTERNATIONAL,5,Dessert
Lo_mein,Noodle and Pasta,Noodle,ISIA Food-500,ISIA,EAST AND SOUTHEAST ASIA,6,Main
lobster_bisque,Soups and Stews,Soups and Creams,Food-101,Food101,INTERNATIONAL,4,Main
Lobster_bisque,Soups and Stews,Soups and Creams,ISIA Food-500,ISIA,INTERNATIONAL,4,Main
lobster_roll_sandwich,Sandwich and Similar Products,Sandwich,Food-101,Food101,INTERNATIONAL,3,Main
loco moco,Mixed Food,Mixed Food,UECFood-256,UECFOOD256,NORTH AMERICA,3,Main
Lohikeitto,Soups and Stews,Soups and Creams,ISIA Food-500,ISIA,EUROPE,4,Main
lumpia,Mixed Food,Fried Food,UECFood-256,UECFOOD256,EAST AND SOUTHEAST ASIA,2,Main
mac_and_cheese,Noodle and Pasta,Italian Pasta,VIPER-FoodNet,VIPER,INTERNATIONAL,6,Main
Macaron,Sweet Products,Pastries,ISIA Food-500,ISIA,EUROPE,1,Dessert
macaroni salad,Noodle and Pasta,Italian Pasta,UECFood-256,UECFOOD256,INTERNATIONAL,6,Main
macaroni_and_cheese,Noodle and Pasta,Italian Pasta,Food-101,Food101,INTERNATIONAL,6,Main
macarons,Sweet Products,Pastries,Food-101,Food101,EUROPE,1,Dessert
malai_kofta,Mixed Food,Mixed Vegetables,MAFood-121,MAFood121,CENTRAL ASIA,5,Main
malasada,Sweet Products,Pastries,UECFood-256,UECFOOD256,EUROPE,1,Dessert
mango pudding,Sweet Products,Fruit Dessert,UECFood-256,UECFOOD256,INTERNATIONAL,1,Dessert
Mango_pomelo_sago,Sweet Products,Fruit Dessert,ISIA Food-500,ISIA,EAST AND SOUTHEAST ASIA,1,Dessert
Mango_pudding,Sweet Products,Fruit Dessert,ISIA Food-500,ISIA,INTERNATIONAL,1,Dessert
mangos,Fruits,Fruits,FruitVeg-81,FruitVeg81,INTERNATIONAL,5,Dessert
mangosteens,Fruits,Fruits,FruitVeg-81,FruitVeg81,EAST AND SOUTHEAST ASIA,5,Dessert
manti,Mixed Food,Dumpling,MAFood-121,MAFood121,CENTRAL ASIA,2,Main
Mapo_doufu,Mixed Food,Mixed Beans,ISIA Food-500,ISIA,EAST AND SOUTHEAST ASIA,4,Main
mashed_potatoes,Mixed Food,Mixed Vegetables,VIPER-FoodNet,VIPER,INTERNATIONAL,5,Main
meat loaf,Meat,Varied Meat,UECFood-256,UECFOOD256,INTERNATIONAL,2,Main
meat_loaf,Meat,Varied Meat,VIPER-FoodNet,VIPER,INTERNATIONAL,2,Main
Meatloaf,Meat,Varied Meat,ISIA Food-500,ISIA,INTERNATIONAL,2,Main
Mee_pok,Noodle and Pasta,Noodle,ISIA Food-500,ISIA,EAST AND SOUTHEAST ASIA,6,Main
Mee_siam,Noodle and Pasta,Noodle,ISIA Food-500,ISIA,EAST AND SOUTHEAST ASIA,6,Main
melitzanosalata,Mixed Food,Sauce,MAFood-121,MAFood121,EUROPE,1,Snack
melons,Fruits,Fruits,FruitVeg-81,FruitVeg81,INTERNATIONAL,5,Dessert
Melt_sandwich,Sandwich and Similar Products,Sandwich,ISIA Food-500,ISIA,INTERNATIONAL,3,Main
Menudo,Soups and Stews,Stews,ISIA Food-500,ISIA,LATIN AMERICA AND THE CARIBBEAN,4,Main
Mì_Quảng,Noodle and Pasta,Noodle,ISIA Food-500,ISIA,EAST AND SOUTHEAST ASIA,6,Main
Michigan_hot_dog,Fast Food,Hot Dog,ISIA Food-500,ISIA,NORTH AMERICA,1,Main
mie ayam,Noodle and Pasta,Noodle,UECFood-256,UECFOOD256,EAST AND SOUTHEAST ASIA,6,Main
mie goreng,Noodle and Pasta,Noodle,UECFood-256,UECFOOD256,EAST AND SOUTHEAST ASIA,6,Main
Mie_goreng,Noodle and Pasta,Noodle,ISIA Food-500,ISIA,EAST AND SOUTHEAST ASIA,6,Main
milk,Drinks,Other Drinks,VIPER-FoodNet,VIPER,INTERNATIONAL,1,Drinks
Milk_Shake,Drinks,Sugary Drinks,ISIA Food-500,ISIA,INTERNATIONAL,1,Drinks
minced meat cutlet,Meat,Breaded Meat,UECFood-256,UECFOOD256,INTERNATIONAL,2,Main
minced pork rice,Mixed Food,Rice and Meat,UECFood-256,UECFOOD256,INTERNATIONAL,3,Main
Minestrone,Soups and Stews,Soups and Creams,ISIA Food-500,ISIA,EUROPE,4,Main
minestrone,Soups and Stews,Soups and Creams,UECFood-256,UECFOOD256,EUROPE,4,Main
Mirchi_ka_salan,Mixed Food,Mixed Food,ISIA Food-500,ISIA,CENTRAL ASIA,3,Main
miso soup,Soups and Stews,Soups and Creams,UECFood-256,UECFOOD256,EAST AND SOUTHEAST ASIA,4,Main
miso_soup,Soups and Stews,Soups and Creams,Food-101,Food101,EAST AND SOUTHEAST ASIA,4,Main
Mission_burrito,Sandwich and Similar Products,Wrap,ISIA Food-500,ISIA,NORTH AMERICA,3,Main
mixed rice,Rice,Rice,UECFood-256,UECFOOD256,INTERNATIONAL,6,Main
Mongolian_beef,Mixed Food,Mixed Meat,ISIA Food-500,ISIA,EAST AND SOUTHEAST ASIA,2,Main
moon cake,Sweet Products,Pastries,UECFood-256,UECFOOD256,EAST AND SOUTHEAST ASIA,1,Dessert
moussaka,Mixed Food,Meat and Vegetables,MAFood-121,MAFood121,INTERNATIONAL,3,Main
Mousse,Sweet Products,Other Sweet Products,ISIA Food-500,ISIA,INTERNATIONAL,1,Dessert
mozuku,Mixed Food,Mixed Food,UECFood-256,UECFOOD256,EAST AND SOUTHEAST ASIA,3,Main
Mozzarella_sticks,Dairy Products,Fried Dairy Products,ISIA Food-500,ISIA,INTERNATIONAL,3,Main
muffin,Sweet Products,Pastries,UECFood-256,UECFOOD256,INTERNATIONAL,1,Dessert
muffin,Sweet Products,Pastries,VIPER-FoodNet,VIPER,INTERNATIONAL,1,Dessert
mushroom risotto,Rice,Rice,UECFood-256,UECFOOD256,INTERNATIONAL,6,Main
Mushroom_gravy,Mixed Food,Mixed Vegetables,ISIA Food-500,ISIA,INTERNATIONAL,5,Main
mushrooms,Vegetables,Mushrooms,FruitVeg-81,FruitVeg81,INTERNATIONAL,5,Main
Mushy_peas,Soups and Stews,Soups and Creams,ISIA Food-500,ISIA,EUROPE,4,Main
mussels,Seafood,Mollusk,Food-101,Food101,INTERNATIONAL,4,Main
Mutton_handi,Mixed Food,Mixed Meat,ISIA Food-500,ISIA,CENTRAL ASIA,2,Main
Mutton_korma,Mixed Food,Mixed Meat,ISIA Food-500,ISIA,CENTRAL ASIA,2,Main
naan,Bread and Similar Products,Bread,MAFood-121,MAFood121,CENTRAL ASIA,6,Bread
nachos,Mixed Food,Mixed Food,Food-101,Food101,LATIN AMERICA AND THE CARIBBEAN,3,Main
Nachos,Mixed Food,Mixed Food,ISIA Food-500,ISIA,LATIN AMERICA AND THE CARIBBEAN,3,Main
nachos,Mixed Food,Mixed Food,UECFood-256,UECFOOD256,LATIN AMERICA AND THE CARIBBEAN,3,Main
Naengmyeon,Noodle and Pasta,Noodle,ISIA Food-500,ISIA,EAST AND SOUTHEAST ASIA,6,Main
namero,Mixed Food,Mixed Food,UECFood-256,UECFOOD256,EAST AND SOUTHEAST ASIA,3,Main
nanbanzuke,Mixed Food,Mixed Fish,UECFood-256,UECFOOD256,EAST AND SOUTHEAST ASIA,4,Main
nasi campur,Mixed Food,Mixed Rice,UECFood-256,UECFOOD256,EAST AND SOUTHEAST ASIA,6,Main
nasi goreng,Mixed Food,Mixed Rice,UECFood-256,UECFOOD256,EAST AND SOUTHEAST ASIA,6,Main
nasi padang,Mixed Food,Mixed Rice,UECFood-256,UECFOOD256,EAST AND SOUTHEAST ASIA,6,Main
nasi uduk,Mixed Food,Mixed Rice,UECFood-256,UECFOOD256,EAST AND SOUTHEAST ASIA,6,Main
Nasi_goreng,Mixed Food,Mixed Rice,ISIA Food-500,ISIA,EAST AND SOUTHEAST ASIA,6,Main
Nasi_kuning,Mixed Food,Mixed Rice,ISIA Food-500,ISIA,EAST AND SOUTHEAST ASIA,6,Main
Nasi_liwet,Mixed Food,Mixed Rice,ISIA Food-500,ISIA,EAST AND SOUTHEAST ASIA,6,Main
natto,Beans,Cooked Beans,UECFood-256,UECFOOD256,EAST AND SOUTHEAST ASIA,4,Main
Nattō,Beans,Cooked Beans,ISIA Food-500,ISIA,EAST AND SOUTHEAST ASIA,4,Main
nectarines,Fruits,Fruits,FruitVeg-81,FruitVeg81,INTERNATIONAL,5,Dessert
Noodle_soup,Noodle and Pasta,Noodle,ISIA Food-500,ISIA,EAST AND SOUTHEAST ASIA,6,Main
noodles with fish curry,Noodle and Pasta,Noodle,UECFood-256,UECFOOD256,INTERNATIONAL,6,Main
Nuomici,Sweet Products,Pastries,ISIA Food-500,ISIA,EAST AND SOUTHEAST ASIA,1,Dessert
oatmeal,Sweet Products,Pastries,UECFood-256,UECFOOD256,INTERNATIONAL,1,Dessert
oden,Mixed Food,Mixed Food,UECFood-256,UECFOOD256,EAST AND SOUTHEAST ASIA,3,Main
okinawa soba,Noodle and Pasta,Noodle,UECFood-256,UECFOOD256,EAST AND SOUTHEAST ASIA,6,Main
Okinawa_soba,Noodle and Pasta,Noodle,ISIA Food-500,ISIA,EAST AND SOUTHEAST ASIA,6,Main
Olivier_salad,Mixed Food,Mixed Food,ISIA Food-500,ISIA,INTERNATIONAL,3,Main
omelet,Eggs,Eggs,UECFood-256,UECFOOD256,INTERNATIONAL,4,Main
omelet,Eggs,Eggs,VIPER-FoodNet,VIPER,INTERNATIONAL,4,Main
omelet with fried rice,Mixed Food,Mixed Food,UECFood-256,UECFOOD256,INTERNATIONAL,3,Main
omelette,Eggs,Eggs,Food-101,Food101,INTERNATIONAL,4,Main
Onigiri,Mixed Food,Mixed Rice,ISIA Food-500,ISIA,EAST AND SOUTHEAST ASIA,6,Main
Onion_ring,Vegetables,Fried Vegetables,ISIA Food-500,ISIA,INTERNATIONAL,4,Main
onion_rings,Vegetables,Fried Vegetables,Food-101,Food101,INTERNATIONAL,4,Main
onions,Vegetables,Fresh Vegetables,FruitVeg-81,FruitVeg81,INTERNATIONAL,5,Main
Orange_chicken,Mixed Food,Mixed Meat,ISIA Food-500,ISIA,EAST AND SOUTHEAST ASIA,2,Main
oranges,Fruits,Fruits,FruitVeg-81,FruitVeg81,INTERNATIONAL,5,Dessert
oshiruko,Sweet Products,Other Sweet Products,UECFood-256,UECFOOD256,EAST AND SOUTHEAST ASIA,1,Dessert
oxtail soup,Soups and Stews,Soups and Creams,UECFood-256,UECFOOD256,INTERNATIONAL,4,Main
oyster omelette,Mixed Food,Mixed Eggs,UECFood-256,UECFOOD256,EAST AND SOUTHEAST ASIA,4,Main
Oyster_omelette,Mixed Food,Mixed Eggs,ISIA Food-500,ISIA,EAST AND SOUTHEAST ASIA,4,Main
oysters,Seafood,Mollusk,Food-101,Food101,INTERNATIONAL,4,Main
Oysters_Rockefeller,Seafood,Mollusk,ISIA Food-500,ISIA,NORTH AMERICA,4,Main
Pączki,Sweet Products,Pastries,ISIA Food-500,ISIA,EUROPE,1,Dessert
pad_thai,Noodle and Pasta,Noodle,Food-101,Food101,EAST AND SOUTHEAST ASIA,6,Main
paella,Mixed Food,Mixed Rice,Food-101,Food101,EUROPE,6,Main
Paella,Mixed Food,Mixed Rice,ISIA Food-500,ISIA,EUROPE,6,Main
paella,Mixed Food,Mixed Rice,UECFood-256,UECFOOD256,EUROPE,6,Main
Pakora,Vegetables,Fried Vegetables,ISIA Food-500,ISIA,CENTRAL ASIA,4,Main
palak_paneer,Soups and Stews,Soups and Creams,MAFood-121,MAFood121,CENTRAL ASIA,4,Main
pancake,Sweet Products,Pastries,UECFood-256,UECFOOD256,INTERNATIONAL,1,Dessert
pancake,Sweet Products,Pastries,VIPER-FoodNet,VIPER,INTERNATIONAL,1,Dessert
pancakes,Sweet Products,Pastries,Food-101,Food101,INTERNATIONAL,1,Dessert
paneer_tikka,Mixed Food,Mixed Vegetables,MAFood-121,MAFood121,CENTRAL ASIA,5,Main
panna_cotta,Sweet Products,Dairy Dessert,Food-101,Food101,EUROPE,1,Dessert
Panzanella,Salad,Other Types of Salad,ISIA Food-500,ISIA,EUROPE,3,Main
papdi_chaat,Mixed Food,Mixed Food,MAFood-121,MAFood121,CENTRAL ASIA,3,Main
Pappa_al_pomodoro,Soups and Stews,Soups and Creams,ISIA Food-500,ISIA,EUROPE,4,Main
parfait,Sweet Products,Fruit Dessert,UECFood-256,UECFOOD256,EUROPE,1,Dessert
Parmigiana,Mixed Food,Mixed Vegetables,ISIA Food-500,ISIA,EUROPE,5,Main
passion_fruits,Fruits,Fruits,FruitVeg-81,FruitVeg81,INTERNATIONAL,5,Dessert
Pasta,Noodle and Pasta,Italian Pasta,ISIA Food-500,ISIA,INTERNATIONAL,6,Main
pasta,Noodle and Pasta,Italian Pasta,VIPER-FoodNet,VIPER,INTERNATIONAL,6,Main
Pasta_al_pomodoro,Noodle and Pasta,Italian Pasta,ISIA Food-500,ISIA,EUROPE,6,Main
Pasta_alla_Norma,Noodle and Pasta,Italian Pasta,ISIA Food-500,ISIA,EUROPE,6,Main
Pasteis_de_Bacalhau,Fish,Fried or Breaded Fish,ISIA Food-500,ISIA,EUROPE,3,Main
pastitsio,Noodle and Pasta,Italian Pasta,MAFood-121,MAFood121,EUROPE,6,Main
Paupiette,Mixed Food,Mixed Meat,ISIA Food-500,ISIA,EUROPE,2,Main
Payasam,Sweet Products,Dairy Dessert,ISIA Food-500,ISIA,EAST AND SOUTHEAST ASIA,1,Dessert
Pea_soup,Soups and Stews,Soups and Creams,ISIA Food-500,ISIA,EUROPE,4,Main
peaches,Fruits,Fruits,FruitVeg-81,FruitVeg81,INTERNATIONAL,5,Dessert
Peanut_butter_cookie,Sweet Products,Pastries,ISIA Food-500,ISIA,INTERNATIONAL,1,Dessert
Peanut_soup,Soups and Stews,Soups and Creams,ISIA Food-500,ISIA,INTERNATIONAL,4,Main
pears,Fruits,Fruits,FruitVeg-81,FruitVeg81,INTERNATIONAL,5,Dessert
peking_duck,Meat,Red Meat,Food-101,Food101,EAST AND SOUTHEAST ASIA,2,Main
peppers,Vegetables,Fresh Vegetables,FruitVeg-81,FruitVeg81,INTERNATIONAL,5,Main
pho,Noodle and Pasta,Noodle,Food-101,Food101,EAST AND SOUTHEAST ASIA,6,Main
Pho,Noodle and Pasta,Noodle,ISIA Food-500,ISIA,EAST AND SOUTHEAST ASIA,6,Main
pho,Noodle and Pasta,Noodle,UECFood-256,UECFOOD256,EAST AND SOUTHEAST ASIA,6,Main
Pickled_cucumber,Salty Snacks,Vegetable Snacks,ISIA Food-500,ISIA,INTERNATIONAL,1,Snack
Pig's_ear,Meat,Varied Meat,ISIA Food-500,ISIA,INTERNATIONAL,2,Main
Pig's_organ_soup,Soups and Stews,Soups and Creams,ISIA Food-500,ISIA,EAST AND SOUTHEAST ASIA,4,Main
Pig's_trotters,Meat,Varied Meat,ISIA Food-500,ISIA,INTERNATIONAL,2,Main
pilaf,Rice,Rice,UECFood-256,UECFOOD256,INTERNATIONAL,6,Main
Pineapple_tart,Sweet Products,Pastries,ISIA Food-500,ISIA,EAST AND SOUTHEAST ASIA,1,Dessert
pineapples,Fruits,Fruits,FruitVeg-81,FruitVeg81,INTERNATIONAL,5,Dessert
Pipikaula,Mixed Food,Mixed Meat,ISIA Food-500,ISIA,NORTH AMERICA,2,Main
pitayas,Fruits,Fruits,FruitVeg-81,FruitVeg81,INTERNATIONAL,5,Dessert
pizza,Fast Food,Pizza,Food-101,Food101,INTERNATIONAL,1,Main
pizza,Fast Food,Pizza,UECFood-256,UECFOOD256,INTERNATIONAL,1,Main
pizza,Fast Food,Pizza,VIPER-FoodNet,VIPER,INTERNATIONAL,1,Main
pizza toast,Fast Food,Pizza,UECFood-256,UECFOOD256,INTERNATIONAL,1,Main
Pizza_carbonara,Fast Food,Pizza,ISIA Food-500,ISIA,INTERNATIONAL,1,Main
Pizza_pugliese,Fast Food,Pizza,ISIA Food-500,ISIA,INTERNATIONAL,1,Main
Plateau_de_fruits_de_mer,Seafood,Varied Seafood,ISIA Food-500,ISIA,INTERNATIONAL,4,Main
Plum_cake,Sweet Products,Pastries,ISIA Food-500,ISIA,INTERNATIONAL,1,Dessert
plums,Fruits,Fruits,FruitVeg-81,FruitVeg81,INTERNATIONAL,5,Dessert
pomegranates,Fruits,Fruits,FruitVeg-81,FruitVeg81,INTERNATIONAL,5,Dessert
Pommes_dauphine,Mixed Food,Fried Food,ISIA Food-500,ISIA,EUROPE,2,Main
Poori,Bread and Similar Products,Other Types of Bread,ISIA Food-500,ISIA,CENTRAL ASIA,3,Appetizer
popcorn,Salty Snacks,Bean Snacks,UECFood-256,UECFOOD256,INTERNATIONAL,1,Snack
Porchetta,Meat,Varied Meat,ISIA Food-500,ISIA,EUROPE,2,Main
pork belly,Meat,Varied Meat,UECFood-256,UECFOOD256,EAST AND SOUTHEAST ASIA,2,Main
pork cutlet,Meat,Breaded Meat,UECFood-256,UECFOOD256,INTERNATIONAL,2,Main
pork cutlet on rice,Mixed Food,Rice and Meat,UECFood-256,UECFOOD256,EAST AND SOUTHEAST ASIA,3,Main
pork fillet cutlet,Mixed Food,Mixed Meat,UECFood-256,UECFOOD256,INTERNATIONAL,2,Main
pork loin cutlet,Mixed Food,Mixed Meat,UECFood-256,UECFOOD256,INTERNATIONAL,2,Main
pork miso soup,Soups and Stews,Soups and Creams,UECFood-256,UECFOOD256,EAST AND SOUTHEAST ASIA,4,Main
pork satay,Meat,Varied Meat,UECFood-256,UECFOOD256,EAST AND SOUTHEAST ASIA,2,Main
Pork Sticky Noodles,Noodle and Pasta,Noodle,UECFood-256,UECFOOD256,EAST AND SOUTHEAST ASIA,6,Main
Pork with lemon,Mixed Food,Mixed Meat,UECFood-256,UECFOOD256,INTERNATIONAL,2,Main
Pork_ball,Mixed Food,Mixed Meat,ISIA Food-500,ISIA,EAST AND SOUTHEAST ASIA,2,Main
Pork_blood_soup,Soups and Stews,Soups and Creams,ISIA Food-500,ISIA,EAST AND SOUTHEAST ASIA,4,Main
pork_chop,Meat,Varied Meat,Food-101,Food101,INTERNATIONAL,2,Main
pork_chop,Meat,Varied Meat,VIPER-FoodNet,VIPER,INTERNATIONAL,2,Main
Pork_knuckle,Meat,Varied Meat,ISIA Food-500,ISIA,INTERNATIONAL,2,Main
Pork_Knuckles_and_Ginger_Stew,Mixed Food,Mixed Meat,ISIA Food-500,ISIA,INTERNATIONAL,2,Main
pork_rib,Meat,Varied Meat,VIPER-FoodNet,VIPER,INTERNATIONAL,2,Main
Pork_ribs,Meat,Varied Meat,ISIA Food-500,ISIA,INTERNATIONAL,2,Main
Pork_tenderloin,Meat,Varied Meat,ISIA Food-500,ISIA,INTERNATIONAL,2,Main
pot au feu,Mixed Food,Meat and Vegetables,UECFood-256,UECFOOD256,EUROPE,3,Main
Pot_roast,Mixed Food,Mixed Meat,ISIA Food-500,ISIA,INTERNATIONAL,2,Main
potage,Soups and Stews,Soups and Creams,UECFood-256,UECFOOD256,INTERNATIONAL,4,Main
potato salad,Vegetables,Cooked Vegetables,UECFood-256,UECFOOD256,INTERNATIONAL,5,Main
Potato_salad,Vegetables,Cooked Vegetables,ISIA Food-500,ISIA,INTERNATIONAL,5,Main
potatoes,Vegetables,Fresh Vegetables,FruitVeg-81,FruitVeg81,INTERNATIONAL,5,Main
poutine,Fast Food,Fries,Food-101,Food101,NORTH AMERICA,1,Side
Poutine,Fast Food,Fries,ISIA Food-500,ISIA,NORTH AMERICA,1,Side
pozole,Soups and Stews,Soups and Creams,MAFood-121,MAFood121,LATIN AMERICA AND THE CARIBBEAN,4,Main
Prawn_cocktail,Mixed Food,Mixed Seafood,ISIA Food-500,ISIA,INTERNATIONAL,4,Main
Prawn_soup,Soups and Stews,Soups and Creams,ISIA Food-500,ISIA,INTERNATIONAL,4,Main
prime_rib,Meat,Red Meat,Food-101,Food101,INTERNATIONAL,2,Main
Princess_cake,Sweet Products,Pastries,ISIA Food-500,ISIA,EUROPE,1,Dessert
Profiterole,Sweet Products,Pastries,ISIA Food-500,ISIA,INTERNATIONAL,1,Dessert
Pudding_corn,Sweet Products,Other Sweet Products,ISIA Food-500,ISIA,INTERNATIONAL,1,Dessert
Pulled_pork,Mixed Food,Mixed Meat,ISIA Food-500,ISIA,INTERNATIONAL,2,Main
Pumpkin_bread,Sweet Products,Pastries,ISIA Food-500,ISIA,NORTH AMERICA,1,Dessert
Pumpkin_pie,Sweet Products,Pastries,ISIA Food-500,ISIA,NORTH AMERICA,1,Dessert
pumpkins,Vegetables,Fresh Vegetables,FruitVeg-81,FruitVeg81,INTERNATIONAL,5,Main
Quesadilla,Sandwich and Similar Products,Wrap,ISIA Food-500,ISIA,LATIN AMERICA AND THE CARIBBEAN,3,Main
quesadilla,Sandwich and Similar Products,Wrap,VIPER-FoodNet,VIPER,LATIN AMERICA AND THE CARIBBEAN,3,Main
Queso_flameado,Mixed Food,Mixed Food,ISIA Food-500,ISIA,LATIN AMERICA AND THE CARIBBEAN,3,Main
Quiche_Lorraine,Mixed Food,Mixed Food,ISIA Food-500,ISIA,EUROPE,3,Main
Rack_of_lamb,Meat,Red Meat,ISIA Food-500,ISIA,INTERNATIONAL,2,Main
radishes,Vegetables,Fresh Vegetables,FruitVeg-81,FruitVeg81,INTERNATIONAL,5,Main
raisin bread,Sweet Products,Pastries,UECFood-256,UECFOOD256,EUROPE,1,Dessert
Raita,Mixed Food,Sauce,ISIA Food-500,ISIA,CENTRAL ASIA,1,Snack
ramen,Noodle and Pasta,Noodle,Food-101,Food101,EAST AND SOUTHEAST ASIA,6,Main
Ramen,Noodle and Pasta,Noodle,ISIA Food-500,ISIA,EAST AND SOUTHEAST ASIA,6,Main
ramen noodle,Noodle and Pasta,Noodle,UECFood-256,UECFOOD256,EAST AND SOUTHEAST ASIA,6,Main
rare cheese cake,Sweet Products,Pastries,UECFood-256,UECFOOD256,EAST AND SOUTHEAST ASIA,1,Dessert
ratatouille,Vegetables,Cooked Vegetables,MAFood-121,MAFood121,EUROPE,5,Main
ravioli,Noodle and Pasta,Italian Pasta,Food-101,Food101,EUROPE,6,Main
Red_bean_cake,Sweet Products,Pastries,ISIA Food-500,ISIA,EAST AND SOUTHEAST ASIA,1,Dessert
Red_bean_ice,Sweet Products,Dairy Dessert,ISIA Food-500,ISIA,EAST AND SOUTHEAST ASIA,1,Dessert
Red_beans_and_rice,Mixed Food,Rice and Beans,ISIA Food-500,ISIA,INTERNATIONAL,4,Main
red_beet,Vegetables,Fresh Vegetables,FruitVeg-81,FruitVeg81,INTERNATIONAL,5,Main
Red_slaw,Salad,Other Types of Salad,ISIA Food-500,ISIA,INTERNATIONAL,3,Main
red_velvet_cake,Sweet Products,Pastries,Food-101,Food101,INTERNATIONAL,1,Dessert
red_wine,Drinks,Alcoholic Drinks,VIPER-FoodNet,VIPER,INTERNATIONAL,2,Drinks
Refried_beans,Beans,Cooked Beans,ISIA Food-500,ISIA,LATIN AMERICA AND THE CARIBBEAN,4,Main
Rendang,Mixed Food,Mixed Meat,ISIA Food-500,ISIA,EAST AND SOUTHEAST ASIA,2,Main
rice,Rice,Rice,UECFood-256,UECFOOD256,INTERNATIONAL,6,Main
rice ball,Mixed Food,Mixed Rice,UECFood-256,UECFOOD256,EAST AND SOUTHEAST ASIA,6,Main
Rice crispy pork,Mixed Food,Rice and Meat,UECFood-256,UECFOOD256,INTERNATIONAL,3,Main
rice gratin,Mixed Food,Mixed Food,UECFood-256,UECFOOD256,INTERNATIONAL,3,Main
rice gruel,Mixed Food,Mixed Rice,UECFood-256,UECFOOD256,EAST AND SOUTHEAST ASIA,6,Main
rice vermicelli,Noodle and Pasta,Noodle,UECFood-256,UECFOOD256,EAST AND SOUTHEAST ASIA,6,Main
Rice with roast duck,Mixed Food,Rice and Meat,UECFood-256,UECFOOD256,INTERNATIONAL,3,Main
Rice_and_peas,Mixed Food,Rice and Beans,ISIA Food-500,ISIA,INTERNATIONAL,4,Main
Rice_ball,Mixed Food,Mixed Rice,ISIA Food-500,ISIA,EAST AND SOUTHEAST ASIA,6,Main
Rice_cakes,Mixed Food,Mixed Rice,ISIA Food-500,ISIA,EAST AND SOUTHEAST ASIA,6,Main
Rice_pudding,Sweet Products,Dairy Dessert,ISIA Food-500,ISIA,INTERNATIONAL,1,Dessert
risotto,Rice,Rice,Food-101,Food101,EUROPE,6,Main
roast chicken,Meat,White Meat,UECFood-256,UECFOOD256,INTERNATIONAL,4,Main
roast duck,Meat,Red Meat,UECFood-256,UECFOOD256,INTERNATIONAL,2,Main
Rogan_josh,Mixed Food,Mixed Meat,ISIA Food-500,ISIA,CENTRAL ASIA,2,Main
rogan_josh,Mixed Food,Mixed Meat,MAFood-121,MAFood121,CENTRAL ASIA,2,Main
roll bread,Bread and Similar Products,Bread,UECFood-256,UECFOOD256,INTERNATIONAL,6,Bread
Rou_jia_mo,Fast Food,Burger,ISIA Food-500,ISIA,EAST AND SOUTHEAST ASIA,1,Main
Rouladen,Mixed Food,Mixed Meat,ISIA Food-500,ISIA,EUROPE,2,Main
saganaki,Mixed Food,Mixed Food,MAFood-121,MAFood121,EUROPE,3,Main
salade_nicoise,Salad,Other Types of Salad,MAFood-121,MAFood121,EUROPE,3,Main
salads,Salad,Side Dish Salad,FruitVeg-81,FruitVeg81,INTERNATIONAL,5,Side
salmon meuniere,Fish,Varied Fish,UECFood-256,UECFOOD256,INTERNATIONAL,4,Main
Salmon_pie,Mixed Food,Mixed Fish,ISIA Food-500,ISIA,INTERNATIONAL,4,Main
salt & pepper fried shrimp with shell,Seafood,Crustacean,UECFood-256,UECFOOD256,INTERNATIONAL,4,Main
Sambar,Mixed Food,Mixed Beans,ISIA Food-500,ISIA,CENTRAL ASIA,4,Main
Samgyetang,Soups and Stews,Soups and Creams,ISIA Food-500,ISIA,EAST AND SOUTHEAST ASIA,4,Main
samosa,Mixed Food,Fried Food,Food-101,Food101,CENTRAL ASIA,2,Main
Samosa,Mixed Food,Fried Food,ISIA Food-500,ISIA,CENTRAL ASIA,2,Main
samul,Salad,Other Types of Salad,UECFood-256,UECFOOD256,INTERNATIONAL,3,Main
sandwiches,Sandwich and Similar Products,Sandwich,UECFood-256,UECFOOD256,INTERNATIONAL,3,Main
Sapo_tahu,Mixed Food,Mixed Food,ISIA Food-500,ISIA,EAST AND SOUTHEAST ASIA,3,Main
Sardine,Fish,Varied Fish,ISIA Food-500,ISIA,INTERNATIONAL,4,Main
sarma,Mixed Food,Mixed Food,MAFood-121,MAFood121,EUROPE,3,Main
sashimi,Fish,Varied Fish,Food-101,Food101,EAST AND SOUTHEAST ASIA,4,Main
Sashimi,Fish,Varied Fish,ISIA Food-500,ISIA,EAST AND SOUTHEAST ASIA,4,Main
sashimi,Fish,Varied Fish,UECFood-256,UECFOOD256,EAST AND SOUTHEAST ASIA,4,Main
sashimi bowl,Mixed Food,Mixed Food,UECFood-256,UECFOOD256,EAST AND SOUTHEAST ASIA,3,Main
Sauerbraten,Mixed Food,Mixed Meat,ISIA Food-500,ISIA,EUROPE,2,Main
sausage,Meat,Sausage,UECFood-256,UECFOOD256,INTERNATIONAL,2,Main
Sausage_and_peppers,Mixed Food,Meat and Vegetables,ISIA Food-500,ISIA,INTERNATIONAL,3,Main
Sausage_bun,Fast Food,Hot Dog,ISIA Food-500,ISIA,INTERNATIONAL,1,Main
Sausage_roll,Mixed Food,Stuffed Dough,ISIA Food-500,ISIA,INTERNATIONAL,2,Main
Sausage_sandwich,Sandwich and Similar Products,Sandwich,ISIA Food-500,ISIA,INTERNATIONAL,3,Main
sauteed spinach,Vegetables,Cooked Vegetables,UECFood-256,UECFOOD256,INTERNATIONAL,5,Main
sauteed vegetables,Mixed Food,Mixed Vegetables,UECFood-256,UECFOOD256,INTERNATIONAL,5,Main
Sauteed_mushrooms,Vegetables,Fried Vegetables,ISIA Food-500,ISIA,INTERNATIONAL,4,Main
scallops,Seafood,Mollusk,Food-101,Food101,INTERNATIONAL,4,Main
Scampi,Mixed Food,Mixed Seafood,ISIA Food-500,ISIA,INTERNATIONAL,4,Main
Schweinshaxe,Meat,Varied Meat,ISIA Food-500,ISIA,EUROPE,2,Main
scone,Sweet Products,Pastries,UECFood-256,UECFOOD256,INTERNATIONAL,1,Dessert
scrambled egg,Eggs,Eggs,UECFood-256,UECFOOD256,INTERNATIONAL,4,Main
Seafood_boil,Mixed Food,Mixed Seafood,ISIA Food-500,ISIA,INTERNATIONAL,4,Main
Seafood_pizza,Fast Food,Pizza,ISIA Food-500,ISIA,INTERNATIONAL,1,Main
seasoned beef with potatoes,Mixed Food,Meat and Vegetables,UECFood-256,UECFOOD256,INTERNATIONAL,3,Main
seaweed_salad,Salad,Other Types of Salad,Food-101,Food101,EAST AND SOUTHEAST ASIA,3,Main
Sesame_chicken,Meat,White Meat,ISIA Food-500,ISIA,INTERNATIONAL,4,Main
Shaker_Lemon_Pie,Sweet Products,Pastries,ISIA Food-500,ISIA,NORTH AMERICA,1,Dessert
Shanghai_fried_noodles,Noodle and Pasta,Noodle,ISIA Food-500,ISIA,EAST AND SOUTHEAST ASIA,6,Main
She-crab_soup,Soups and Stews,Soups and Creams,ISIA Food-500,ISIA,INTERNATIONAL,4,Main
Sheep's_trotters,Meat,Red Meat,ISIA Food-500,ISIA,INTERNATIONAL,2,Main
shortcake,Sweet Products,Pastries,UECFood-256,UECFOOD256,INTERNATIONAL,1,Dessert
shrimp,Mixed Food,Mixed Seafood,VIPER-FoodNet,VIPER,INTERNATIONAL,4,Main
Shrimp patties,Mixed Food,Mixed Seafood,UECFood-256,UECFOOD256,INTERNATIONAL,4,Main
shrimp with chill source,Mixed Food,Mixed Seafood,UECFood-256,UECFOOD256,EAST AND SOUTHEAST ASIA,4,Main
shrimp_and_grits,Mixed Food,Mixed Seafood,Food-101,Food101,NORTH AMERICA,4,Main
Shrimp_ball,Mixed Food,Mixed Seafood,ISIA Food-500,ISIA,INTERNATIONAL,4,Main
Shrimp_toast,Bread and Similar Products,Toast,ISIA Food-500,ISIA,INTERNATIONAL,3,Dessert
Shuizhu,Mixed Food,Mixed Meat,ISIA Food-500,ISIA,EAST AND SOUTHEAST ASIA,2,Main
Sicilian_orange_salad,Salad,Other Types of Salad,ISIA Food-500,ISIA,EUROPE,3,Main
simmered pork,Meat,Varied Meat,UECFood-256,UECFOOD256,EAST AND SOUTHEAST ASIA,2,Main
sirloin cutlet,Meat,Breaded Meat,UECFood-256,UECFOOD256,INTERNATIONAL,2,Main
Sliced_fish_soup,Soups and Stews,Soups and Creams,ISIA Food-500,ISIA,EAST AND SOUTHEAST ASIA,4,Main
Small steamed savory rice pancake,Mixed Food,Mixed Food,UECFood-256,UECFOOD256,EAST AND SOUTHEAST ASIA,3,Main
Smoked_salmon,Fish,Varied Fish,ISIA Food-500,ISIA,INTERNATIONAL,4,Main
Soba,Noodle and Pasta,Noodle,ISIA Food-500,ISIA,EAST AND SOUTHEAST ASIA,6,Main
soba noodle,Noodle and Pasta,Noodle,UECFood-256,UECFOOD256,EAST AND SOUTHEAST ASIA,6,Main
Soft-shell_crab,Mixed Food,Mixed Seafood,ISIA Food-500,ISIA,INTERNATIONAL,4,Main
Sopa_de_Mandioca,Soups and Stews,Soups and Creams,ISIA Food-500,ISIA,LATIN AMERICA AND THE CARIBBEAN,4,Main
soup,Soups and Stews,Soups and Creams,VIPER-FoodNet,VIPER,INTERNATIONAL,4,Main
Sour prawn soup,Soups and Stews,Soups and Creams,UECFood-256,UECFOOD256,INTERNATIONAL,4,Main
Soused_herring,Fish,Varied Fish,ISIA Food-500,ISIA,INTERNATIONAL,4,Main
souvlaki,Mixed Food,Meat and Vegetables,MAFood-121,MAFood121,EUROPE,3,Main
spaghetti,Noodle and Pasta,Italian Pasta,UECFood-256,UECFOOD256,INTERNATIONAL,6,Main
spaghetti meat sauce,Noodle and Pasta,Italian Pasta,UECFood-256,UECFOOD256,INTERNATIONAL,6,Main
spaghetti_bolognese,Noodle and Pasta,Italian Pasta,Food-101,Food101,INTERNATIONAL,6,Main
spaghetti_carbonara,Noodle and Pasta,Italian Pasta,Food-101,Food101,INTERNATIONAL,6,Main
spam musubi,Mixed Food,Mixed Food,UECFood-256,UECFOOD256,NORTH AMERICA,3,Main
spanakopita,Mixed Food,Pie,MAFood-121,MAFood121,EUROPE,2,Main
Spanish_rice,Mixed Food,Mixed Rice,ISIA Food-500,ISIA,EUROPE,6,Main
Spatzle,Noodle and Pasta,Other Types of Pasta,ISIA Food-500,ISIA,EUROPE,6,Main
Spiced_beef,Meat,Red Meat,ISIA Food-500,ISIA,INTERNATIONAL,2,Main
spicy chicken salad,Mixed Food,Meat and Vegetables,UECFood-256,UECFOOD256,INTERNATIONAL,3,Main
spicy chili-flavored tofu,Mixed Food,Mixed Beans,UECFood-256,UECFOOD256,INTERNATIONAL,4,Main
Spinach_salad,Salad,Other Types of Salad,ISIA Food-500,ISIA,INTERNATIONAL,3,Main
Spinach_soup,Soups and Stews,Soups and Creams,ISIA Food-500,ISIA,INTERNATIONAL,4,Main
spring_rolls,Mixed Food,Fried Food,Food-101,Food101,EAST AND SOUTHEAST ASIA,2,Main
Squash_soup,Soups and Stews,Soups and Creams,ISIA Food-500,ISIA,INTERNATIONAL,4,Main
steak,Meat,Red Meat,Food-101,Food101,INTERNATIONAL,2,Main
steak,Meat,Red Meat,UECFood-256,UECFOOD256,INTERNATIONAL,2,Main
steak,Meat,Red Meat,VIPER-FoodNet,VIPER,INTERNATIONAL,2,Main
Steak_tartare,Meat,Red Meat,ISIA Food-500,ISIA,INTERNATIONAL,2,Main
steamed egg hotchpotch,Soups and Stews,Soups and Creams,UECFood-256,UECFOOD256,EAST AND SOUTHEAST ASIA,4,Main
steamed meat dumpling,Mixed Food,Dumpling,UECFood-256,UECFOOD256,EAST AND SOUTHEAST ASIA,2,Main
Steamed rice roll,Mixed Food,Mixed Food,UECFood-256,UECFOOD256,EAST AND SOUTHEAST ASIA,3,Main
steamed spareribs,Mixed Food,Mixed Meat,UECFood-256,UECFOOD256,INTERNATIONAL,2,Main
Steamed_clams,Seafood,Mollusk,ISIA Food-500,ISIA,INTERNATIONAL,4,Main
Steamed_meatball,Meat,Red Meat,ISIA Food-500,ISIA,INTERNATIONAL,2,Main
Steamed_rice,Rice,Rice,ISIA Food-500,ISIA,INTERNATIONAL,6,Main
stew,Soups and Stews,Stews,UECFood-256,UECFOOD256,INTERNATIONAL,4,Main
stew_beef,Soups and Stews,Stews,VIPER-FoodNet,VIPER,INTERNATIONAL,4,Main
Stew_peas,Soups and Stews,Stews,ISIA Food-500,ISIA,LATIN AMERICA AND THE CARIBBEAN,4,Main
stewed pork leg,Mixed Food,Rice and Meat,UECFood-256,UECFOOD256,INTERNATIONAL,3,Main
stinky tofu,Mixed Food,Mixed Beans,UECFood-256,UECFOOD256,EAST AND SOUTHEAST ASIA,4,Main
Stinky_tofu,Mixed Food,Mixed Beans,ISIA Food-500,ISIA,EAST AND SOUTHEAST ASIA,4,Main
stir-fried beef and peppers,Mixed Food,Meat and Vegetables,UECFood-256,UECFOOD256,INTERNATIONAL,3,Main
stir-fried mixed vegetables,Mixed Food,Mixed Vegetables,UECFood-256,UECFOOD256,INTERNATIONAL,5,Main
Stir-fried_tomato_and_scrambled_eggs,Mixed Food,Mixed Eggs,ISIA Food-500,ISIA,EAST AND SOUTHEAST ASIA,4,Main
Strawberry_cake,Sweet Products,Pastries,ISIA Food-500,ISIA,INTERNATIONAL,1,Dessert
Strawberry_cheesecake,Sweet Products,Pastries,ISIA Food-500,ISIA,INTERNATIONAL,1,Dessert
Strawberry_ice_cream,Sweet Products,Dairy Dessert,ISIA Food-500,ISIA,INTERNATIONAL,1,Dessert
Strawberry_jam,Sweet Products,Fruit Dessert,ISIA Food-500,ISIA,INTERNATIONAL,1,Dessert
Strawberry_pie,Sweet Products,Pastries,ISIA Food-500,ISIA,INTERNATIONAL,1,Dessert
strawberry_shortcake,Sweet Products,Pastries,Food-101,Food101,INTERNATIONAL,1,Dessert
Strawberry_sundae,Sweet Products,Fruit Dessert,ISIA Food-500,ISIA,INTERNATIONAL,1,Dessert
Strawberry_tart,Sweet Products,Pastries,ISIA Food-500,ISIA,INTERNATIONAL,1,Dessert
Stuffed_avocado,Mixed Food,Mixed Food,ISIA Food-500,ISIA,INTERNATIONAL,3,Main
Stuffed_eggplant,Mixed Food,Mixed Vegetables,ISIA Food-500,ISIA,INTERNATIONAL,5,Main
Stuffed_mushrooms,Mixed Food,Mixed Vegetables,ISIA Food-500,ISIA,INTERNATIONAL,5,Main
Stuffed_peppers,Mixed Food,Mixed Vegetables,ISIA Food-500,ISIA,INTERNATIONAL,5,Main
Stuffed_tomatoes,Mixed Food,Mixed Vegetables,ISIA Food-500,ISIA,INTERNATIONAL,5,Main
Suanmeitang,Drinks,Sugary Drinks,ISIA Food-500,ISIA,EAST AND SOUTHEAST ASIA,1,Drinks
Succotash,Vegetables,Cooked Vegetables,ISIA Food-500,ISIA,NORTH AMERICA,5,Main
Suckling_pig,Meat,Varied Meat,ISIA Food-500,ISIA,INTERNATIONAL,2,Main
sukiyaki,Mixed Food,Mixed Meat,UECFood-256,UECFOOD256,EAST AND SOUTHEAST ASIA,2,Main
sushi,Mixed Food,Sushi,Food-101,Food101,EAST AND SOUTHEAST ASIA,4,Main
sushi,Mixed Food,Sushi,UECFood-256,UECFOOD256,EAST AND SOUTHEAST ASIA,4,Main
sushi,Mixed Food,Sushi,VIPER-FoodNet,VIPER,EAST AND SOUTHEAST ASIA,4,Main
sushi bowl,Mixed Food,Sushi,UECFood-256,UECFOOD256,EAST AND SOUTHEAST ASIA,4,Main
Svíčková,Mixed Food,Mixed Meat,ISIA Food-500,ISIA,EUROPE,2,Main
sweet and sour pork,Mixed Food,Meat and Vegetables,UECFood-256,UECFOOD256,EAST AND SOUTHEAST ASIA,3,Main
Sweet_potato_pie,Sweet Products,Pastries,ISIA Food-500,ISIA,INTERNATIONAL,1,Dessert
Sweet_saffron_rice,Rice,Rice,ISIA Food-500,ISIA,CENTRAL ASIA,6,Main
Syrniki,Sweet Products,Pastries,ISIA Food-500,ISIA,EUROPE,1,Dessert
Tabbouleh,Salad,Other Types of Salad,ISIA Food-500,ISIA,NORTH AFRICA AND WEST ASIA,3,Main
taco,Sandwich and Similar Products,Wrap,VIPER-FoodNet,VIPER,LATIN AMERICA AND THE CARIBBEAN,3,Main
tacos,Sandwich and Similar Products,Wrap,Food-101,Food101,LATIN AMERICA AND THE CARIBBEAN,3,Main
Tacos,Sandwich and Similar Products,Wrap,ISIA Food-500,ISIA,LATIN AMERICA AND THE CARIBBEAN,3,Main
tacos,Sandwich and Similar Products,Wrap,UECFood-256,UECFOOD256,LATIN AMERICA AND THE CARIBBEAN,3,Main
Tafelspitz,Mixed Food,Mixed Meat,ISIA Food-500,ISIA,EUROPE,2,Main
takoyaki,Mixed Food,Stuffed Dough,Food-101,Food101,EAST AND SOUTHEAST ASIA,2,Main
Takoyaki,Mixed Food,Stuffed Dough,ISIA Food-500,ISIA,EAST AND SOUTHEAST ASIA,2,Main
takoyaki,Mixed Food,Stuffed Dough,UECFood-256,UECFOOD256,EAST AND SOUTHEAST ASIA,2,Main
tamarillos,Fruits,Fruits,FruitVeg-81,FruitVeg81,LATIN AMERICA AND THE CARIBBEAN,5,Dessert
tandoori_chicken,Meat,White Meat,MAFood-121,MAFood121,EAST AND SOUTHEAST ASIA,4,Main
tanmen,Noodle and Pasta,Noodle,UECFood-256,UECFOOD256,EAST AND SOUTHEAST ASIA,6,Main
Taro_dumpling,Mixed Food,Dumpling,ISIA Food-500,ISIA,EAST AND SOUTHEAST ASIA,2,Main
tempura,Mixed Food,Fried Food,UECFood-256,UECFOOD256,EAST AND SOUTHEAST ASIA,2,Main
tempura bowl,Mixed Food,Fried Food,UECFood-256,UECFOOD256,EAST AND SOUTHEAST ASIA,2,Main
tempura udon,Noodle and Pasta,Noodle,UECFood-256,UECFOOD256,EAST AND SOUTHEAST ASIA,6,Main
tensin noodle,Noodle and Pasta,Noodle,UECFood-256,UECFOOD256,EAST AND SOUTHEAST ASIA,6,Main
teriyaki grilled fish,Fish,Varied Fish,UECFood-256,UECFOOD256,EAST AND SOUTHEAST ASIA,4,Main
Thai papaya salad,Salad,Other Types of Salad,UECFood-256,UECFOOD256,EAST AND SOUTHEAST ASIA,3,Main
thinly sliced raw horsemeat,Meat,Red Meat,UECFood-256,UECFOOD256,INTERNATIONAL,2,Main
three cup chicken,Mixed Food,Mixed Meat,UECFood-256,UECFOOD256,EAST AND SOUTHEAST ASIA,2,Main
Tinga_dish,Mixed Food,Mixed Meat,ISIA Food-500,ISIA,LATIN AMERICA AND THE CARIBBEAN,2,Main
tiramisu,Sweet Products,Pastries,Food-101,Food101,INTERNATIONAL,1,Dessert
Tiramisu,Sweet Products,Pastries,ISIA Food-500,ISIA,INTERNATIONAL,1,Dessert
tiramisu,Sweet Products,Pastries,UECFood-256,UECFOOD256,INTERNATIONAL,1,Dessert
Toad_in_the_hole,Mixed Food,Mixed Meat,ISIA Food-500,ISIA,EUROPE,2,Main
toast,Bread and Similar Products,Toast,UECFood-256,UECFOOD256,INTERNATIONAL,3,Dessert
Tobiko,Mixed Food,Sushi,ISIA Food-500,ISIA,EAST AND SOUTHEAST ASIA,4,Main
Tomato_and_egg_soup,Soups and Stews,Soups and Creams,ISIA Food-500,ISIA,EAST AND SOUTHEAST ASIA,4,Main
Tomato_bredie,Soups and Stews,Stews,ISIA Food-500,ISIA,INTERNATIONAL,4,Main
Tomato_omelette,Mixed Food,Mixed Eggs,ISIA Food-500,ISIA,INTERNATIONAL,4,Main
Tomato_soup,Soups and Stews,Soups and Creams,ISIA Food-500,ISIA,INTERNATIONAL,4,Main
tomatokeftedes,Vegetables,Fried Vegetables,MAFood-121,MAFood121,EUROPE,4,Main
tomatos,Vegetables,Fresh Vegetables,FruitVeg-81,FruitVeg81,INTERNATIONAL,5,Main
Tonkatsu,Meat,Breaded Meat,ISIA Food-500,ISIA,EAST AND SOUTHEAST ASIA,2,Main
Tonkotsu_ramen,Noodle and Pasta,Noodle,ISIA Food-500,ISIA,EAST AND SOUTHEAST ASIA,6,Main
Torta_caprese,Sweet Products,Pastries,ISIA Food-500,ISIA,EUROPE,1,Dessert
Tostada,Bread and Similar Products,Toast,ISIA Food-500,ISIA,LATIN AMERICA AND THE CARIBBEAN,3,Dessert
tostada,Bread and Similar Products,Toast,VIPER-FoodNet,VIPER,LATIN AMERICA AND THE CARIBBEAN,3,Dessert
tostadas,Bread and Similar Products,Toast,MAFood-121,MAFood121,LATIN AMERICA AND THE CARIBBEAN,3,Dessert
Tourtière,Mixed Food,Mixed Meat,ISIA Food-500,ISIA,NORTH AMERICA,2,Main
trunip pudding,Vegetables,Fried Vegetables,UECFood-256,UECFOOD256,INTERNATIONAL,4,Main
Tsukemono,Mixed Food,Mixed Vegetables,ISIA Food-500,ISIA,EAST AND SOUTHEAST ASIA,5,Main
Tuna_fish_sandwich,Sandwich and Similar Products,Sandwich,ISIA Food-500,ISIA,INTERNATIONAL,3,Main
Tuna_salad,Salad,Other Types of Salad,ISIA Food-500,ISIA,INTERNATIONAL,3,Main
tuna_salad,Salad,Other Types of Salad,VIPER-FoodNet,VIPER,INTERNATIONAL,3,Main
tuna_tartare,Fish,Varied Fish,Food-101,Food101,INTERNATIONAL,4,Main
turkey,Meat,Red Meat,VIPER-FoodNet,VIPER,INTERNATIONAL,2,Main
Turnip_cake,Vegetables,Fried Vegetables,ISIA Food-500,ISIA,INTERNATIONAL,4,Main
turnips,Vegetables,Fresh Vegetables,FruitVeg-81,FruitVeg81,INTERNATIONAL,5,Main
twice cooked pork,Mixed Food,Meat and Vegetables,UECFood-256,UECFOOD256,EAST AND SOUTHEAST ASIA,3,Main
Twix,Sweet Products,Pastries,ISIA Food-500,ISIA,INTERNATIONAL,1,Dessert
udon noodle,Noodle and Pasta,Noodle,UECFood-256,UECFOOD256,EAST AND SOUTHEAST ASIA,6,Main
Unagi,Mixed Food,Mixed Fish,ISIA Food-500,ISIA,EAST AND SOUTHEAST ASIA,4,Main
vegetable tempura,Vegetables,Fried Vegetables,UECFood-256,UECFOOD256,EAST AND SOUTHEAST ASIA,4,Main
Vegetarian_chili,Mixed Food,Mixed Beans,ISIA Food-500,ISIA,INTERNATIONAL,4,Main
Vermicelli noodles with snails,Noodle and Pasta,Noodle,UECFood-256,UECFOOD256,EAST AND SOUTHEAST ASIA,6,Main
Vichyssoise,Soups and Stews,Soups and Creams,ISIA Food-500,ISIA,INTERNATIONAL,4,Main
Vindaloo,Mixed Food,Rice and Meat,ISIA Food-500,ISIA,CENTRAL ASIA,3,Main
Vitello_tonnato,Mixed Food,Mixed Food,ISIA Food-500,ISIA,INTERNATIONAL,3,Main
waffle,Sweet Products,Pastries,UECFood-256,UECFOOD256,INTERNATIONAL,1,Dessert
waffle,Sweet Products,Pastries,VIPER-FoodNet,VIPER,INTERNATIONAL,1,Dessert
waffles,Sweet Products,Pastries,Food-101,Food101,INTERNATIONAL,1,Dessert
Wakame,Salad,Side Dish Salad,ISIA Food-500,ISIA,EAST AND SOUTHEAST ASIA,5,Side
Wenchang_chicken,Meat,White Meat,ISIA Food-500,ISIA,EAST AND SOUTHEAST ASIA,4,Main
White_boiled_shrimp,Seafood,Crustacean,ISIA Food-500,ISIA,INTERNATIONAL,4,Main
White_cut_chicken,Meat,White Meat,ISIA Food-500,ISIA,EAST AND SOUTHEAST ASIA,4,Main
white_rice,Mixed Food,Mixed Rice,VIPER-FoodNet,VIPER,INTERNATIONAL,6,Main
white_wine,Drinks,Alcoholic Drinks,VIPER-FoodNet,VIPER,INTERNATIONAL,2,Drinks
Whitebait,Fish,Fried or Breaded Fish,ISIA Food-500,ISIA,INTERNATIONAL,3,Main
winter melon soup,Soups and Stews,Soups and Creams,UECFood-256,UECFOOD256,EAST AND SOUTHEAST ASIA,4,Main
Wonton soup,Soups and Stews,Soups and Creams,UECFood-256,UECFOOD256,EAST AND SOUTHEAST ASIA,4,Main
Wonton_noodles,Noodle and Pasta,Noodle,ISIA Food-500,ISIA,EAST AND SOUTHEAST ASIA,6,Main
Wotou,Bread and Similar Products,Other Types of Bread,ISIA Food-500,ISIA,EAST AND SOUTHEAST ASIA,3,Appetizer
xiao long bao,Mixed Food,Dumpling,UECFood-256,UECFOOD256,EAST AND SOUTHEAST ASIA,2,Main
yakitori,Meat,White Meat,UECFood-256,UECFOOD256,EAST AND SOUTHEAST ASIA,4,Main
yeast_bread,Bread and Similar Products,Other Types of Bread,VIPER-FoodNet,VIPER,INTERNATIONAL,3,Appetizer
yellow curry,Soups and Stews,Stews,UECFood-256,UECFOOD256,EAST AND SOUTHEAST ASIA,4,Main
yemista,Mixed Food,Mixed Rice,MAFood-121,MAFood121,EUROPE,6,Main
Yeung_Chow_fried_rice,Rice,Rice,ISIA Food-500,ISIA,EAST AND SOUTHEAST ASIA,6,Main
yogurt,Dairy Products,Yogurt,VIPER-FoodNet,VIPER,INTERNATIONAL,4,Appetizer
Youtiao,Sweet Products,Pastries,ISIA Food-500,ISIA,EAST AND SOUTHEAST ASIA,1,Dessert
yudofu,Beans,Cooked Beans,UECFood-256,UECFOOD256,EAST AND SOUTHEAST ASIA,4,Main
Yuxiangrousi,Mixed Food,Mixed Meat,ISIA Food-500,ISIA,EAST AND SOUTHEAST ASIA,2,Main
zha jiang mian,Noodle and Pasta,Noodle,UECFood-256,UECFOOD256,EAST AND SOUTHEAST ASIA,6,Main
Zhajiangmian,Noodle and Pasta,Noodle,ISIA Food-500,ISIA,EAST AND SOUTHEAST ASIA,6,Main
Zongzi,Mixed Food,Mixed Food,ISIA Food-500,ISIA,EAST AND SOUTHEAST ASIA,3,Main
zoni,Soups and Stews,Soups and Creams,UECFood-256,UECFOOD256,EAST AND SOUTHEAST ASIA,4,Main
zucchinis,Vegetables,Fresh Vegetables,FruitVeg-81,FruitVeg81,INTERNATIONAL,5,Main
Zurcher_Geschnetzeltes,Mixed Food,Mixed Meat,ISIA Food-500,ISIA,EUROPE,2,Main